{"framework":"apd-framework-8.4.6","title":"TextEdit-hjelp","build_id":"53acb73d680ce25c21a1db3b","icon":"..\/GlobalArt\/AppIconDefault_TextEdit.png","sections":{"txteff27d864":{"name":"Bruk skriveverktøy","children":["txte86b1c1b9","txtef6cfde1a","txtef5d9dd70"]},"txte66378667":{"name":"Opprett og åpne dokumenter","children":["txtee6663a0e","txte51413d09","txte71fa0102","txted0b6cd61","txte825e96e7"]},"txtead825d1d":{"name":"Formater dokumenter","children":["txte313927e3","txte88fd8bcb","txte3ab65427","txte44f15043","txte5c41b552"]},"txte33f64074":{"name":"Rediger dokumenter","children":["txte58c1b39e","txte15912956","txte4120841e","txtec0fe94d2","txte5d6611d0","txte52183e41"]}},"birdseed_version":3,"toc":["txte036c41fb","txte66378667","txtead825d1d","txte33f64074","txteff27d864"],"locale":"nb","version":"10.10","enable_tracking":false,"source_schema":"apd-schema","platform":"mac","design":"default","build_date":"2014.06.26-17:20:45","landing":"txted35466","product":"textedit","urls":{},"copyright":"","topics":{"txted1002":{"name":"Bruk hevet eller senket tekst","href":"txted1002.html","unavailable":true},"txte5c41b552":{"name":"Angi tegn- og linjeavstand","href":"txte5c41b552.html","unavailable":true},"txte86b1c1b9":{"name":"Kontroller stavemåte og grammatikk","href":"txte86b1c1b9.html","unavailable":true},"txted35749":{"name":"Legg til farge","href":"txted35749.html","unavailable":true},"txte52183e41":{"name":"Kommenter bilder med merkingsfunksjonen","href":"txte52183e41.html","unavailable":true},"txted1044":{"name":"Hvis du ikke ser kode i en HTML-fil","href":"txted1044.html","unavailable":true},"txtef5d9dd70":{"name":"Fullfør ord","href":"txtef5d9dd70.html","unavailable":true},"txted35754":{"name":"Angi riktig avstand for innlimt tekst automatisk","href":"txted35754.html","unavailable":true},"txted1065":{"name":"Endre måten HTML-filer arkiveres på","href":"txted1065.html","unavailable":true},"txted1028":{"name":"Hvis tegn i et dokument vises feil","href":"txted1028.html","unavailable":true},"txte88fd8bcb":{"name":"Sett inn linje-, avsnitts- og sideskift","href":"txte88fd8bcb.html","unavailable":true},"txte58c1b39e":{"name":"Endre utseendet på tekst","href":"txte58c1b39e.html","unavailable":true},"txte4120841e":{"name":"Legg til tabeller og lister","href":"txte4120841e.html","unavailable":true},"txted1059":{"name":"Opprett PDF-filer","href":"txted1059.html","unavailable":true},"txte313927e3":{"name":"Juster marger og avsnitt","href":"txte313927e3.html","unavailable":true},"txte71fa0102":{"name":"Arkiver dokumenter","href":"txte71fa0102.html","unavailable":true},"txted1018":{"name":"Angi tabulatorstopp og avsnittsinnrykk","href":"txted1018.html","unavailable":true},"txted35466":{"name":"TextEdit-hjelp","href":"txted35466.html","categories":["landing"]},"txted35745":{"name":"Legg til klikkbare koblinger automatisk","href":"txted35745.html","unavailable":true},"txte036c41fb":{"name":"Oversikt over TextEdit","href":"txte036c41fb.html","unavailable":true},"txte3ab65427":{"name":"Endre hvordan tekst brytes","href":"txte3ab65427.html","unavailable":true},"txte51413d09":{"name":"Åpne dokumenter","href":"txte51413d09.html","unavailable":true},"txted1019":{"name":"Hvis tekstformateringen forsvinner","href":"txted1019.html","unavailable":true},"txted0b6cd61":{"name":"Arbeid med HTML-dokumenter","href":"txted0b6cd61.html","unavailable":true},"txte825e96e7":{"name":"Lytt til dokumenter","href":"txte825e96e7.html","unavailable":true},"txted35481":{"name":"Bruk loddrett tekst","href":"txted35481.html","unavailable":true},"txted11519":{"name":"Gå til plasseringer i dokumenter","href":"txted11519.html","unavailable":true},"txted35741":{"name":"Vis RTF-retningslinjene i RTF-filer","href":"txted35741.html","unavailable":true},"txted35753":{"name":"Slå på datadetektorer","href":"txted35753.html","unavailable":true},"txted1057":{"name":"Legg til egenskaper i dokumenter","href":"txted1057.html","unavailable":true},"txted1063":{"name":"Angi valg for nytt dokument, åpning og arkivering","href":"txted1063.html","unavailable":true},"txtec0fe94d2":{"name":"Sett inn spesialtegn","href":"txtec0fe94d2.html","unavailable":true},"txted1026":{"name":"Beskytt dokumenter","href":"txted1026.html","unavailable":true},"txte15912956":{"name":"Bruk stiler","href":"txte15912956.html","unavailable":true},"txtef6cfde1a":{"name":"Finn og erstatt tekst","href":"txtef6cfde1a.html","unavailable":true},"txte5d6611d0":{"name":"Legg til bilder, filmer og filer","href":"txte5d6611d0.html","unavailable":true},"txte44f15043":{"name":"Legg til topptekst og bunntekst","href":"txte44f15043.html","unavailable":true},"txtee6663a0e":{"name":"Opprett nye dokumenter","href":"txtee6663a0e.html","unavailable":true}},"copyright_text":"© 2014 Apple Inc. Alle rettigheter forbeholdes.","css":""}