{"framework":"apd-framework-8.4.6","title":"Pomoc TextEdit","build_id":"53acb734680ce25c21a1dabd","icon":"..\/GlobalArt\/AppIconDefault_TextEdit.png","sections":{"txteff27d864":{"name":"Używanie narzędzi pisania","children":["txte86b1c1b9","txtef6cfde1a","txtef5d9dd70"]},"txte66378667":{"name":"Tworzenie i otwieranie dokumentów","children":["txtee6663a0e","txte51413d09","txte71fa0102","txted0b6cd61","txte825e96e7"]},"txtead825d1d":{"name":"Formatowanie dokumentu","children":["txte313927e3","txte88fd8bcb","txte3ab65427","txte44f15043","txte5c41b552"]},"txte33f64074":{"name":"Edytowanie dokumentów","children":["txte58c1b39e","txte15912956","txte4120841e","txtec0fe94d2","txte5d6611d0","txte52183e41"]}},"birdseed_version":3,"toc":["txte036c41fb","txte66378667","txtead825d1d","txte33f64074","txteff27d864"],"locale":"pl","version":"10.10","enable_tracking":false,"source_schema":"apd-schema","platform":"mac","design":"default","build_date":"2014.06.26-17:19:07","landing":"txted35466","product":"textedit","urls":{},"copyright":"","topics":{"txted1002":{"name":"Korzystanie z indeksów górnych i dolnych","href":"txted1002.html","unavailable":true},"txte5c41b552":{"name":"Ustawianie odstępów między znakami oraz wierszami","href":"txte5c41b552.html","unavailable":true},"txte86b1c1b9":{"name":"Sprawdzanie pisowni i gramatyki","href":"txte86b1c1b9.html","unavailable":true},"txted35749":{"name":"Dodawanie koloru","href":"txted35749.html","unavailable":true},"txte52183e41":{"name":"Dodawanie adnotacji do obrazków za pomocą funkcji Oznaczenia","href":"txte52183e41.html","unavailable":true},"txted1044":{"name":"Gdy nie można zobaczyć kodu w pliku HTML","href":"txted1044.html","unavailable":true},"txtef5d9dd70":{"name":"Uzupełnianie częściowo wpisanych słów","href":"txtef5d9dd70.html","unavailable":true},"txted35754":{"name":"Automatyczne zachowywanie właściwych odstępów we wklejonym tekście","href":"txted35754.html","unavailable":true},"txted1065":{"name":"Zmienianie sposobu zachowywania plików HTML","href":"txted1065.html","unavailable":true},"txted1028":{"name":"Gdy znaki nie są wyświetlane prawidłowo","href":"txted1028.html","unavailable":true},"txte88fd8bcb":{"name":"Wstawianie znaków końca wiersza, akapitu i strony","href":"txte88fd8bcb.html","unavailable":true},"txte58c1b39e":{"name":"Zmienianie wyglądu tekstu","href":"txte58c1b39e.html","unavailable":true},"txte4120841e":{"name":"Dodawanie tabel i list","href":"txte4120841e.html","unavailable":true},"txted1059":{"name":"Tworzenie plików PDF","href":"txted1059.html","unavailable":true},"txte313927e3":{"name":"Korygowanie marginesów i akapitów","href":"txte313927e3.html","unavailable":true},"txte71fa0102":{"name":"Zachowywanie dokumentów","href":"txte71fa0102.html","unavailable":true},"txted1018":{"name":"Ustawianie pozycji tabulatora i wcięć akapitów","href":"txted1018.html","unavailable":true},"txted35466":{"name":"Pomoc TextEdit","href":"txted35466.html","categories":["landing"]},"txted35745":{"name":"Automatyczne dodawanie łączy reagujących na kliknięcie","href":"txted35745.html","unavailable":true},"txte036c41fb":{"name":"TextEdit — przegląd","href":"txte036c41fb.html","unavailable":true},"txte3ab65427":{"name":"Zmienianie sposobu zawijania tekstu","href":"txte3ab65427.html","unavailable":true},"txte51413d09":{"name":"Otwieranie dokumentów","href":"txte51413d09.html","unavailable":true},"txted1019":{"name":"Gdy znika format tekstu","href":"txted1019.html","unavailable":true},"txted0b6cd61":{"name":"Praca z dokumentami HTML","href":"txted0b6cd61.html","unavailable":true},"txte825e96e7":{"name":"Słuchanie dokumentów","href":"txte825e96e7.html","unavailable":true},"txted35481":{"name":"Korzystanie z tekstu pionowego","href":"txted35481.html","unavailable":true},"txted11519":{"name":"Przechodzenie do określonego miejsca w dokumentach","href":"txted11519.html","unavailable":true},"txted35741":{"name":"Wyświetlanie kodu RTF w pliku RTF","href":"txted35741.html","unavailable":true},"txted35753":{"name":"Włączanie detektorów danych","href":"txted35753.html","unavailable":true},"txted1057":{"name":"Dodawanie właściwości do dokumentów","href":"txted1057.html","unavailable":true},"txted1063":{"name":"Ustawianie preferencji otwierania i zachowywania nowego dokumentu","href":"txted1063.html","unavailable":true},"txtec0fe94d2":{"name":"Dodawanie znaków specjalnych","href":"txtec0fe94d2.html","unavailable":true},"txted1026":{"name":"Zabezpieczanie dokumentu","href":"txted1026.html","unavailable":true},"txte15912956":{"name":"Korzystanie ze stylów","href":"txte15912956.html","unavailable":true},"txtef6cfde1a":{"name":"Znajdowanie i zastępowanie tekstu","href":"txtef6cfde1a.html","unavailable":true},"txte5d6611d0":{"name":"Dodawanie zdjęć, filmów oraz plików","href":"txte5d6611d0.html","unavailable":true},"txte44f15043":{"name":"Dodawanie nagłówek i stopek","href":"txte44f15043.html","unavailable":true},"txtee6663a0e":{"name":"Tworzenie nowych dokumentów","href":"txtee6663a0e.html","unavailable":true}},"copyright_text":"© 2014 Apple Inc. Wszystkie prawa zastrzeżone.","css":""}