{"framework":"apd-framework-8.4.6","title":"Aiuto TextEdit","build_id":"53acb737680ce25c21a1daea","icon":"..\/GlobalArt\/AppIconDefault_TextEdit.png","sections":{"txteff27d864":{"name":"Utilizzare gli strumenti di scrittura","children":["txte86b1c1b9","txtef6cfde1a","txtef5d9dd70"]},"txte66378667":{"name":"Creare e aprire documenti","children":["txtee6663a0e","txte51413d09","txte71fa0102","txted0b6cd61","txte825e96e7"]},"txtead825d1d":{"name":"Formattare i documenti","children":["txte313927e3","txte88fd8bcb","txte3ab65427","txte44f15043","txte5c41b552"]},"txte33f64074":{"name":"Modificare i documenti","children":["txte58c1b39e","txte15912956","txte4120841e","txtec0fe94d2","txte5d6611d0","txte52183e41"]}},"birdseed_version":3,"toc":["txte036c41fb","txte66378667","txtead825d1d","txte33f64074","txteff27d864"],"locale":"it","version":"10.10","enable_tracking":false,"source_schema":"apd-schema","platform":"mac","design":"default","build_date":"2014.06.26-17:19:42","landing":"txted35466","product":"textedit","urls":{},"copyright":"","topics":{"txted1002":{"name":"Utilizzare apice e pedice","href":"txted1002.html","unavailable":true},"txte5c41b552":{"name":"Impostare la spaziatura dei caratteri e delle linee","href":"txte5c41b552.html","unavailable":true},"txte86b1c1b9":{"name":"Eseguire il controllo ortografico e grammaticale","href":"txte86b1c1b9.html","unavailable":true},"txted35749":{"name":"Aggiungere colore","href":"txted35749.html","unavailable":true},"txte52183e41":{"name":"Creare annotazioni sulle immagini mediante l'evidenziazione","href":"txte52183e41.html","unavailable":true},"txted1044":{"name":"Se non riesci a vedere il codice di un file HTML","href":"txted1044.html","unavailable":true},"txtef5d9dd70":{"name":"Completare parole parzialmente inserite","href":"txtef5d9dd70.html","unavailable":true},"txted35754":{"name":"Disporre in modo corretto e automatico il testo incollato","href":"txted35754.html","unavailable":true},"txted1065":{"name":"Modificare la modalità di salvataggio dei file HTML","href":"txted1065.html","unavailable":true},"txted1028":{"name":"Se i caratteri non sono visualizzati correttamente","href":"txted1028.html","unavailable":true},"txte88fd8bcb":{"name":"Inserire interruzioni di riga, paragrafo e pagina","href":"txte88fd8bcb.html","unavailable":true},"txte58c1b39e":{"name":"Modificare l'aspetto del testo","href":"txte58c1b39e.html","unavailable":true},"txte4120841e":{"name":"Aggiungere tabelle ed elenchi","href":"txte4120841e.html","unavailable":true},"txted1059":{"name":"Creare file PDF","href":"txted1059.html","unavailable":true},"txte313927e3":{"name":"Regolare margini e paragrafi","href":"txte313927e3.html","unavailable":true},"txte71fa0102":{"name":"Salvare documenti","href":"txte71fa0102.html","unavailable":true},"txted1018":{"name":"Impostare punti di tabulazione e rientri di paragrafo","href":"txted1018.html","unavailable":true},"txted35466":{"name":"Aiuto TextEdit","href":"txted35466.html","categories":["landing"]},"txted35745":{"name":"Aggiungere link cliccabili automaticamente","href":"txted35745.html","unavailable":true},"txte036c41fb":{"name":"Panoramica su TextEdit","href":"txte036c41fb.html","unavailable":true},"txte3ab65427":{"name":"Modificare l'adattamento del testo","href":"txte3ab65427.html","unavailable":true},"txte51413d09":{"name":"Aprire i documenti","href":"txte51413d09.html","unavailable":true},"txted1019":{"name":"Se la formattazione del testo scompare","href":"txted1019.html","unavailable":true},"txted0b6cd61":{"name":"Gestire i documenti HTML","href":"txted0b6cd61.html","unavailable":true},"txte825e96e7":{"name":"Ascoltare documenti","href":"txte825e96e7.html","unavailable":true},"txted35481":{"name":"Disporre il testo verticalmente","href":"txted35481.html","unavailable":true},"txted11519":{"name":"Passare a posizioni specifiche nei documenti","href":"txted11519.html","unavailable":true},"txted35741":{"name":"Visualizzare le istruzioni RTF nei file RTF","href":"txted35741.html","unavailable":true},"txted35753":{"name":"Attivare il rilevatori di dati","href":"txted35753.html","unavailable":true},"txted1057":{"name":"Aggiungere proprietà ai documenti","href":"txted1057.html","unavailable":true},"txted1063":{"name":"Impostare le preferenze per creare, aprire e salvare i documenti","href":"txted1063.html","unavailable":true},"txtec0fe94d2":{"name":"Inserire caratteri speciali","href":"txtec0fe94d2.html","unavailable":true},"txted1026":{"name":"Proteggere i documenti","href":"txted1026.html","unavailable":true},"txte15912956":{"name":"Utilizzare gli stili","href":"txte15912956.html","unavailable":true},"txtef6cfde1a":{"name":"Cercare e sostituire testo","href":"txtef6cfde1a.html","unavailable":true},"txte5d6611d0":{"name":"Aggiungere foto, filmati e file","href":"txte5d6611d0.html","unavailable":true},"txte44f15043":{"name":"Aggiungere intestazioni e piè di pagina","href":"txte44f15043.html","unavailable":true},"txtee6663a0e":{"name":"Creare nuovi documenti","href":"txtee6663a0e.html","unavailable":true}},"copyright_text":"© 2014 Apple Inc. Tutti i diritti riservati.","css":""}