{"framework":"apd-framework-8.4.6","title":"Nápověda pro TextEdit","build_id":"53acb736680ce25c21a1dad8","icon":"..\/GlobalArt\/AppIconDefault_TextEdit.png","sections":{"txteff27d864":{"name":"Použití nástrojů pro psaní","children":["txte86b1c1b9","txtef6cfde1a","txtef5d9dd70"]},"txte66378667":{"name":"Vytváření a otvírání dokumentů","children":["txtee6663a0e","txte51413d09","txte71fa0102","txted0b6cd61","txte825e96e7"]},"txtead825d1d":{"name":"Formátování dokumentů","children":["txte313927e3","txte88fd8bcb","txte3ab65427","txte44f15043","txte5c41b552"]},"txte33f64074":{"name":"Úpravy dokumentů","children":["txte58c1b39e","txte15912956","txte4120841e","txtec0fe94d2","txte5d6611d0","txte52183e41"]}},"birdseed_version":3,"toc":["txte036c41fb","txte66378667","txtead825d1d","txte33f64074","txteff27d864"],"locale":"cs","version":"10.10","enable_tracking":false,"source_schema":"apd-schema","platform":"mac","design":"default","build_date":"2014.06.26-17:19:30","landing":"txted35466","product":"textedit","urls":{},"copyright":"","topics":{"txted1002":{"name":"Používání horních a dolních indexů","href":"txted1002.html","unavailable":true},"txte5c41b552":{"name":"Nastavení rozestupů mezi znaky a mezi řádky","href":"txte5c41b552.html","unavailable":true},"txte86b1c1b9":{"name":"Kontrola pravopisu a gramatiky","href":"txte86b1c1b9.html","unavailable":true},"txted35749":{"name":"Přidání barvy","href":"txted35749.html","unavailable":true},"txte52183e41":{"name":"Anotování obrázků pomocí značek v TextEditu","href":"txte52183e41.html","unavailable":true},"txted1044":{"name":"Když v HTML souboru nevidíte kód","href":"txted1044.html","unavailable":true},"txtef5d9dd70":{"name":"Dokončování částečně zadaných slov","href":"txtef5d9dd70.html","unavailable":true},"txted35754":{"name":"Automatické správné rozložení vloženého textu","href":"txted35754.html","unavailable":true},"txted1065":{"name":"Změna nastavení ukládání souborů HTML","href":"txted1065.html","unavailable":true},"txted1028":{"name":"Když se znaky nezobrazí správně","href":"txted1028.html","unavailable":true},"txte88fd8bcb":{"name":"Vkládání zalomení řádků, odstavců a stránek","href":"txte88fd8bcb.html","unavailable":true},"txte58c1b39e":{"name":"Změna vzhledu textu","href":"txte58c1b39e.html","unavailable":true},"txte4120841e":{"name":"Přidávání tabulek a seznamů","href":"txte4120841e.html","unavailable":true},"txted1059":{"name":"Vytváření PDF souborů","href":"txted1059.html","unavailable":true},"txte313927e3":{"name":"Úpravy okrajů a odstavců","href":"txte313927e3.html","unavailable":true},"txte71fa0102":{"name":"Ukládání dokumentů","href":"txte71fa0102.html","unavailable":true},"txted1018":{"name":"Nastavení zarážek a odsazení odstavců","href":"txted1018.html","unavailable":true},"txted35466":{"name":"Nápověda pro TextEdit","href":"txted35466.html","categories":["landing"]},"txted35745":{"name":"Automatické přidávání aktivních odkazů","href":"txted35745.html","unavailable":true},"txte036c41fb":{"name":"Přehled TextEditu","href":"txte036c41fb.html","unavailable":true},"txte3ab65427":{"name":"Změna zalomení textu","href":"txte3ab65427.html","unavailable":true},"txte51413d09":{"name":"Otvírání dokumentů","href":"txte51413d09.html","unavailable":true},"txted1019":{"name":"Když formátování textu zmizí","href":"txted1019.html","unavailable":true},"txted0b6cd61":{"name":"Práce s dokumenty formátu HTML","href":"txted0b6cd61.html","unavailable":true},"txte825e96e7":{"name":"Poslech dokumentů","href":"txte825e96e7.html","unavailable":true},"txted35481":{"name":"Použití svislého textu","href":"txted35481.html","unavailable":true},"txted11519":{"name":"Přecházení na konkrétní místa v dokumentech","href":"txted11519.html","unavailable":true},"txted35741":{"name":"Zobrazení formátovacích příkazů RTF v RTF souborech","href":"txted35741.html","unavailable":true},"txted35753":{"name":"Zapnutí detektorů dat","href":"txted35753.html","unavailable":true},"txted1057":{"name":"Přidání vlastností do dokumentů","href":"txted1057.html","unavailable":true},"txted1063":{"name":"Nastavení předvoleb pro nové dokumenty, otevírání a ukládání","href":"txted1063.html","unavailable":true},"txtec0fe94d2":{"name":"Vkládání speciálních znaků","href":"txtec0fe94d2.html","unavailable":true},"txted1026":{"name":"Ochrana dokumentů","href":"txted1026.html","unavailable":true},"txte15912956":{"name":"Používání stylů","href":"txte15912956.html","unavailable":true},"txtef6cfde1a":{"name":"Vyhledání a nahrazení textu","href":"txtef6cfde1a.html","unavailable":true},"txte5d6611d0":{"name":"Přidávání fotografií, filmů a souborů","href":"txte5d6611d0.html","unavailable":true},"txte44f15043":{"name":"Přidání záhlaví a zápatí","href":"txte44f15043.html","unavailable":true},"txtee6663a0e":{"name":"Vytváření nových dokumentů","href":"txtee6663a0e.html","unavailable":true}},"copyright_text":"© 2014 Apple Inc. Všechna práva vyhrazena.","css":""}