{"framework":"apd-framework-8.4.6","title":"文本编辑帮助","build_id":"53acb72b680ce25c21a1da2d","icon":"..\/GlobalArt\/AppIconDefault_TextEdit.png","sections":{"txteff27d864":{"name":"使用书写工具","children":["txte86b1c1b9","txtef6cfde1a","txtef5d9dd70"]},"txte66378667":{"name":"创建和打开文稿","children":["txtee6663a0e","txte51413d09","txte71fa0102","txted0b6cd61","txte825e96e7"]},"txtead825d1d":{"name":"格式化文稿","children":["txte313927e3","txte88fd8bcb","txte3ab65427","txte44f15043","txte5c41b552"]},"txte33f64074":{"name":"编辑文稿","children":["txte58c1b39e","txte15912956","txte4120841e","txtec0fe94d2","txte5d6611d0","txte52183e41"]}},"birdseed_version":3,"toc":["txte036c41fb","txte66378667","txtead825d1d","txte33f64074","txteff27d864"],"locale":"zh-cn","version":"10.10","enable_tracking":false,"source_schema":"apd-schema","platform":"mac","design":"default","build_date":"2014.06.26-17:17:20","landing":"txted35466","product":"textedit","urls":{},"copyright":"","topics":{"txted1002":{"name":"使用上标或下标","href":"txted1002.html","unavailable":true},"txte5c41b552":{"name":"设定字符间距和行间距","href":"txte5c41b552.html","unavailable":true},"txte86b1c1b9":{"name":"检查拼写和语法","href":"txte86b1c1b9.html","unavailable":true},"txted35749":{"name":"添加颜色","href":"txted35749.html","unavailable":true},"txte52183e41":{"name":"使用“标记”功能来给图像添加注解","href":"txte52183e41.html","unavailable":true},"txted1044":{"name":"如果不能查看 HTML 文件中的代码","href":"txted1044.html","unavailable":true},"txtef5d9dd70":{"name":"完成部分输入的单词","href":"txtef5d9dd70.html","unavailable":true},"txted35754":{"name":"自动以适当间距排列粘贴的文本","href":"txted35754.html","unavailable":true},"txted1065":{"name":"更改 HTML 文件的存储方式","href":"txted1065.html","unavailable":true},"txted1028":{"name":"如果字符未能正确显示","href":"txted1028.html","unavailable":true},"txte88fd8bcb":{"name":"插入换行符、分段符和分页符","href":"txte88fd8bcb.html","unavailable":true},"txte58c1b39e":{"name":"更改文本的外观","href":"txte58c1b39e.html","unavailable":true},"txte4120841e":{"name":"添加表格和列表","href":"txte4120841e.html","unavailable":true},"txted1059":{"name":"创建 PDF 文件","href":"txted1059.html","unavailable":true},"txte313927e3":{"name":"调整页边空白和段落","href":"txte313927e3.html","unavailable":true},"txte71fa0102":{"name":"存储文稿","href":"txte71fa0102.html","unavailable":true},"txted1018":{"name":"设定制表位和段落缩进","href":"txted1018.html","unavailable":true},"txted35466":{"name":"文本编辑帮助","href":"txted35466.html","categories":["landing"]},"txted35745":{"name":"自动添加可点按的链接","href":"txted35745.html","unavailable":true},"txte036c41fb":{"name":"文本编辑概览","href":"txte036c41fb.html","unavailable":true},"txte3ab65427":{"name":"更改文本的换行方式","href":"txte3ab65427.html","unavailable":true},"txte51413d09":{"name":"打开文稿","href":"txte51413d09.html","unavailable":true},"txted1019":{"name":"如果文本格式消失","href":"txted1019.html","unavailable":true},"txted0b6cd61":{"name":"处理 HTML 文稿","href":"txted0b6cd61.html","unavailable":true},"txte825e96e7":{"name":"听文稿","href":"txte825e96e7.html","unavailable":true},"txted35481":{"name":"使用竖排文本","href":"txted35481.html","unavailable":true},"txted11519":{"name":"跳到文稿中的位置","href":"txted11519.html","unavailable":true},"txted35741":{"name":"查看 RTF 文件中的 RTF 指令","href":"txted35741.html","unavailable":true},"txted35753":{"name":"打开数据检测器","href":"txted35753.html","unavailable":true},"txted1057":{"name":"将属性添加到文稿","href":"txted1057.html","unavailable":true},"txted1063":{"name":"设定新文稿、打开并存储偏好设置","href":"txted1063.html","unavailable":true},"txtec0fe94d2":{"name":"插入特殊字符","href":"txtec0fe94d2.html","unavailable":true},"txted1026":{"name":"保护文稿","href":"txted1026.html","unavailable":true},"txte15912956":{"name":"使用样式","href":"txte15912956.html","unavailable":true},"txtef6cfde1a":{"name":"查找和替换文本","href":"txtef6cfde1a.html","unavailable":true},"txte5d6611d0":{"name":"添加照片、影片和文件","href":"txte5d6611d0.html","unavailable":true},"txte44f15043":{"name":"添加页眉和页脚","href":"txte44f15043.html","unavailable":true},"txtee6663a0e":{"name":"创建新文稿","href":"txtee6663a0e.html","unavailable":true}},"copyright_text":"© 2014 Apple Inc. 保留一切权利。","css":""}