{"framework":"apd-framework-8.4.6","title":"Ayuda de TextEdit","build_id":"53acb732680ce25c21a1da99","icon":"..\/GlobalArt\/AppIconDefault_TextEdit.png","sections":{"txteff27d864":{"name":"Usar las herramientas de escritura","children":["txte86b1c1b9","txtef6cfde1a","txtef5d9dd70"]},"txte66378667":{"name":"Crear y abrir documentos","children":["txtee6663a0e","txte51413d09","txte71fa0102","txted0b6cd61","txte825e96e7"]},"txtead825d1d":{"name":"Dar formato a los documentos","children":["txte313927e3","txte88fd8bcb","txte3ab65427","txte44f15043","txte5c41b552"]},"txte33f64074":{"name":"Editar documentos","children":["txte58c1b39e","txte15912956","txte4120841e","txtec0fe94d2","txte5d6611d0","txte52183e41"]}},"birdseed_version":3,"toc":["txte036c41fb","txte66378667","txtead825d1d","txte33f64074","txteff27d864"],"locale":"es","version":"10.10","enable_tracking":false,"source_schema":"apd-schema","platform":"mac","design":"default","build_date":"2014.06.26-17:18:37","landing":"txted35466","product":"textedit","urls":{},"copyright":"","topics":{"txted1002":{"name":"Usar superíndices o subíndices","href":"txted1002.html","unavailable":true},"txte5c41b552":{"name":"Ajustar el espaciado entre caracteres y el interlineado","href":"txte5c41b552.html","unavailable":true},"txte86b1c1b9":{"name":"Comprobar ortografía y gramática","href":"txte86b1c1b9.html","unavailable":true},"txted35749":{"name":"Añadir color","href":"txted35749.html","unavailable":true},"txte52183e41":{"name":"Añadir anotaciones a imágenes con Marcación","href":"txte52183e41.html","unavailable":true},"txted1044":{"name":"Si no puede visualizar código en un archivo HTML","href":"txted1044.html","unavailable":true},"txtef5d9dd70":{"name":"Completar palabras sin terminar","href":"txtef5d9dd70.html","unavailable":true},"txted35754":{"name":"Dejar el espacio adecuado automáticamente para el texto pegado","href":"txted35754.html","unavailable":true},"txted1065":{"name":"Cambiar el modo de guardar archivos HTML","href":"txted1065.html","unavailable":true},"txted1028":{"name":"Si los caracteres no se visualizan correctamente","href":"txted1028.html","unavailable":true},"txte88fd8bcb":{"name":"Insertar saltos de línea, de párrafo y de página","href":"txte88fd8bcb.html","unavailable":true},"txte58c1b39e":{"name":"Cambiar el aspecto del texto","href":"txte58c1b39e.html","unavailable":true},"txte4120841e":{"name":"Añadir tablas y listas","href":"txte4120841e.html","unavailable":true},"txted1059":{"name":"Crear archivos PDF","href":"txted1059.html","unavailable":true},"txte313927e3":{"name":"Ajustar márgenes y párrafos","href":"txte313927e3.html","unavailable":true},"txte71fa0102":{"name":"Guardar documentos","href":"txte71fa0102.html","unavailable":true},"txted1018":{"name":"Ajustar tabulaciones y sangrías de párrafo","href":"txted1018.html","unavailable":true},"txted35466":{"name":"Ayuda de TextEdit","href":"txted35466.html","categories":["landing"]},"txted35745":{"name":"Añadir enlaces activos automáticamente","href":"txted35745.html","unavailable":true},"txte036c41fb":{"name":"Información de TextEdit","href":"txte036c41fb.html","unavailable":true},"txte3ab65427":{"name":"Cambiar el ajuste del texto","href":"txte3ab65427.html","unavailable":true},"txte51413d09":{"name":"Abrir documentos","href":"txte51413d09.html","unavailable":true},"txted1019":{"name":"Si se pierde el formato del texto","href":"txted1019.html","unavailable":true},"txted0b6cd61":{"name":"Trabajar con documentos HTML","href":"txted0b6cd61.html","unavailable":true},"txte825e96e7":{"name":"Escuchar documentos","href":"txte825e96e7.html","unavailable":true},"txted35481":{"name":"Usar texto vertical","href":"txted35481.html","unavailable":true},"txted11519":{"name":"Ir a determinadas ubicaciones de los documentos","href":"txted11519.html","unavailable":true},"txted35741":{"name":"Ver las directivas de RTF de los archivos RTF","href":"txted35741.html","unavailable":true},"txted35753":{"name":"Activar los detectores de datos","href":"txted35753.html","unavailable":true},"txted1057":{"name":"Añadir propiedades a documentos","href":"txted1057.html","unavailable":true},"txted1063":{"name":"Ajustar las preferencias de nuevo documento, abrir y guardar","href":"txted1063.html","unavailable":true},"txtec0fe94d2":{"name":"Insertar caracteres especiales","href":"txtec0fe94d2.html","unavailable":true},"txted1026":{"name":"Proteger documentos","href":"txted1026.html","unavailable":true},"txte15912956":{"name":"Usar estilos","href":"txte15912956.html","unavailable":true},"txtef6cfde1a":{"name":"Buscar y reemplazar texto","href":"txtef6cfde1a.html","unavailable":true},"txte5d6611d0":{"name":"Añadir fotos, vídeos y archivos","href":"txte5d6611d0.html","unavailable":true},"txte44f15043":{"name":"Añadir cabeceras y pies de página","href":"txte44f15043.html","unavailable":true},"txtee6663a0e":{"name":"Crear documentos nuevos","href":"txtee6663a0e.html","unavailable":true}},"copyright_text":"© 2014 Apple Inc. Todos los derechos reservados.","css":""}