{"framework":"apd-framework-8.4.6","title":"Ajutor TextEdit","build_id":"53acb739680ce25c21a1db05","icon":"..\/GlobalArt\/AppIconDefault_TextEdit.png","sections":{"txteff27d864":{"name":"Utilizarea instrumentelor de scriere","children":["txte86b1c1b9","txtef6cfde1a","txtef5d9dd70"]},"txte66378667":{"name":"Crearea și deschiderea documentelor","children":["txtee6663a0e","txte51413d09","txte71fa0102","txted0b6cd61","txte825e96e7"]},"txtead825d1d":{"name":"Formatarea documentelor","children":["txte313927e3","txte88fd8bcb","txte3ab65427","txte44f15043","txte5c41b552"]},"txte33f64074":{"name":"Editarea documentelor","children":["txte58c1b39e","txte15912956","txte4120841e","txtec0fe94d2","txte5d6611d0","txte52183e41"]}},"birdseed_version":3,"toc":["txte036c41fb","txte66378667","txtead825d1d","txte33f64074","txteff27d864"],"locale":"ro","version":"10.10","enable_tracking":false,"source_schema":"apd-schema","platform":"mac","design":"default","build_date":"2014.06.26-17:20:05","landing":"txted35466","product":"textedit","urls":{},"copyright":"","topics":{"txted1002":{"name":"Utilizarea caracterelor exponente și a caracterelor indice","href":"txted1002.html","unavailable":true},"txte5c41b552":{"name":"Configurarea spațierii caracterelor și liniilor","href":"txte5c41b552.html","unavailable":true},"txte86b1c1b9":{"name":"Verificarea ortografică și gramaticală","href":"txte86b1c1b9.html","unavailable":true},"txted35749":{"name":"Adăugarea culorilor","href":"txted35749.html","unavailable":true},"txte52183e41":{"name":"Adnotaţi imaginile cu serviciul Marcaj","href":"txte52183e41.html","unavailable":true},"txted1044":{"name":"Dacă nu puteți vizualiza codul dintr-un fișier HTML","href":"txted1044.html","unavailable":true},"txtef5d9dd70":{"name":"Completarea cuvintelor introduse parțial","href":"txtef5d9dd70.html","unavailable":true},"txted35754":{"name":"Spațierea corectă automată a textului lipit","href":"txted35754.html","unavailable":true},"txted1065":{"name":"Modificarea modului în care sunt salvate fișierele HTML","href":"txted1065.html","unavailable":true},"txted1028":{"name":"În cazul în care caracterele nu sunt afișate corespunzător","href":"txted1028.html","unavailable":true},"txte88fd8bcb":{"name":"Inserarea întreruperilor de linie, a întreruperilor de paragrafe și a întreruperilor de pagină","href":"txte88fd8bcb.html","unavailable":true},"txte58c1b39e":{"name":"Modificarea aspectului textului","href":"txte58c1b39e.html","unavailable":true},"txte4120841e":{"name":"Adăugarea tabelelor și a listelor","href":"txte4120841e.html","unavailable":true},"txted1059":{"name":"Crearea fișierelor PDF","href":"txted1059.html","unavailable":true},"txte313927e3":{"name":"Ajustarea marginilor și a paragrafelor","href":"txte313927e3.html","unavailable":true},"txte71fa0102":{"name":"Salvarea documentelor","href":"txte71fa0102.html","unavailable":true},"txted1018":{"name":"Configurarea tabulatorilor și a indentărilor de paragrafe","href":"txted1018.html","unavailable":true},"txted35466":{"name":"Ajutor TextEdit","href":"txted35466.html","categories":["landing"]},"txted35745":{"name":"Adăugarea automată de linkuri active","href":"txted35745.html","unavailable":true},"txte036c41fb":{"name":"Prezentare generală TextEdit","href":"txte036c41fb.html","unavailable":true},"txte3ab65427":{"name":"Modificarea modului de încadrare a textului","href":"txte3ab65427.html","unavailable":true},"txte51413d09":{"name":"Deschiderea documentelor","href":"txte51413d09.html","unavailable":true},"txted1019":{"name":"Dacă formatarea textului dispare","href":"txted1019.html","unavailable":true},"txted0b6cd61":{"name":"Lucrul cu documente HTML","href":"txted0b6cd61.html","unavailable":true},"txte825e96e7":{"name":"Ascultarea documentelor","href":"txte825e96e7.html","unavailable":true},"txted35481":{"name":"Utilizarea textului vertical","href":"txted35481.html","unavailable":true},"txted11519":{"name":"Saltul la locuri din documente","href":"txted11519.html","unavailable":true},"txted35741":{"name":"Vizualizarea directivelor RTF în fișierele RTF","href":"txted35741.html","unavailable":true},"txted35753":{"name":"Activarea detectoarelor de date","href":"txted35753.html","unavailable":true},"txted1057":{"name":"Adăugarea de proprietăți la documente","href":"txted1057.html","unavailable":true},"txted1063":{"name":"Configurarea preferințelor pentru documentele noi, deschidere și salvare","href":"txted1063.html","unavailable":true},"txtec0fe94d2":{"name":"Introducerea caracterelor speciale","href":"txtec0fe94d2.html","unavailable":true},"txted1026":{"name":"Protejarea documentelor","href":"txted1026.html","unavailable":true},"txte15912956":{"name":"Utilizarea stilurilor","href":"txte15912956.html","unavailable":true},"txtef6cfde1a":{"name":"Găsirea și înlocuirea textului","href":"txtef6cfde1a.html","unavailable":true},"txte5d6611d0":{"name":"Adăugarea de poze, filme și fișiere","href":"txte5d6611d0.html","unavailable":true},"txte44f15043":{"name":"Adăugarea de antete și subsoluri","href":"txte44f15043.html","unavailable":true},"txtee6663a0e":{"name":"Începerea documentelor noi","href":"txtee6663a0e.html","unavailable":true}},"copyright_text":"© 2014 Apple Inc. Toate drepturile rezervate.","css":""}