{"framework":"apd-framework-8.6.1","title":"텍스트 편집기 도움말","build_id":"5418d9ae094622f5676b72d2","icon":"..\/GlobalArt\/AppIconDefault_TextEdit.png","sections":{"txte66378667":{"name":"도큐멘트 생성 및 열기","children":["txtee6663a0e","txte51413d09","txte71fa0102","txted0b6cd61","txte825e96e7"]},"txtead825d1d":{"name":"도큐멘트 포맷 지정하기","children":["txte313927e3","txte88fd8bcb","txte3ab65427","txte44f15043","txte5c41b552"]},"txte33f64074":{"name":"도큐멘트 편집하기","children":["txte58c1b39e","txte15912956","txte4120841e","txtec0fe94d2","txte5d6611d0","txte52183e41"]},"txteff27d864":{"name":"쓰기 도구 사용하기","children":["txte86b1c1b9","txtef6cfde1a","txtef5d9dd70"]}},"birdseed_version":3,"toc":["txte036c41fb","txte66378667","txtead825d1d","txte33f64074","txteff27d864"],"locale":"ko","version":"10.10","enable_tracking":false,"source_schema":"apd-schema","platform":"mac","design":"default","build_date":"2014.09.16-17:47:22","landing":"txted35466","product":"textedit","urls":{},"copyright":"","topics":{"txted1002":{"name":"위 첨자 또는 아래 첨자 사용하기","href":"txted1002.html","unavailable":true},"txte5c41b552":{"name":"문자 및 줄 간격 설정하기","href":"txte5c41b552.html","unavailable":true},"txte86b1c1b9":{"name":"맞춤법 및 문법 검사하기","href":"txte86b1c1b9.html","unavailable":true},"txted35749":{"name":"색상 추가하기","href":"txted35749.html","unavailable":true},"txte52183e41":{"name":"마크업을 사용하여 이미지에 주석 추가하기","href":"txte52183e41.html","unavailable":true},"txted1044":{"name":"HTML 파일에서 코드를 볼 수 없습니다","href":"txted1044.html","unavailable":true},"txtef5d9dd70":{"name":"일부만 입력된 단어를 완성하기","href":"txtef5d9dd70.html","unavailable":true},"txted35754":{"name":"붙여넣은 텍스트에 자동으로 적절한 간격 두기","href":"txted35754.html","unavailable":true},"txted1065":{"name":"HTML 파일 저장 방법 변경하기","href":"txted1065.html","unavailable":true},"txted1028":{"name":"문자가 제대로 나타나지 않습니다","href":"txted1028.html","unavailable":true},"txte88fd8bcb":{"name":"줄바꿈, 단락 바꿈, 페이지 바꿈 삽입하기","href":"txte88fd8bcb.html","unavailable":true},"txte58c1b39e":{"name":"텍스트의 모양 변경하기","href":"txte58c1b39e.html","unavailable":true},"txte4120841e":{"name":"표 및 목록 추가하기","href":"txte4120841e.html","unavailable":true},"txted1059":{"name":"PDF 파일 생성하기","href":"txted1059.html","unavailable":true},"txte313927e3":{"name":"여백 및 단락 조절하기","href":"txte313927e3.html","unavailable":true},"txte71fa0102":{"name":"도큐멘트 저장하기","href":"txte71fa0102.html","unavailable":true},"txted1018":{"name":"탭 중단 지점과 단락 들여쓰기 설정하기","href":"txted1018.html","unavailable":true},"txted35466":{"name":"텍스트 편집기 도움말","href":"txted35466.html","categories":["landing"]},"txted35745":{"name":"클릭 가능한 링크 자동으로 추가하기","href":"txted35745.html","unavailable":true},"txte036c41fb":{"name":"텍스트 편집기 개요","href":"txte036c41fb.html","unavailable":true},"txte3ab65427":{"name":"텍스트 줄바꿈 방식 변경하기","href":"txte3ab65427.html","unavailable":true},"txte51413d09":{"name":"도큐멘트 열기","href":"txte51413d09.html","unavailable":true},"txted1019":{"name":"텍스트에 지정된 포맷이 사라집니다","href":"txted1019.html","unavailable":true},"txted0b6cd61":{"name":"HTML 도큐멘트로 작업하기","href":"txted0b6cd61.html","unavailable":true},"txte825e96e7":{"name":"도큐멘트 듣기","href":"txte825e96e7.html","unavailable":true},"txted35481":{"name":"세로 텍스트 사용하기","href":"txted35481.html","unavailable":true},"txted11519":{"name":"도큐멘트에서 위치 이동하기","href":"txted11519.html","unavailable":true},"txted35741":{"name":"RTF 파일의 RTF 지시문 보기","href":"txted35741.html","unavailable":true},"txted35753":{"name":"데이터 탐색기 켜기","href":"txted35753.html","unavailable":true},"txted1057":{"name":"도큐멘트에 속성 추가하기","href":"txted1057.html","unavailable":true},"txted1063":{"name":"새로운 도큐멘트 설정하기, 환경설정 열기 및 저장하기","href":"txted1063.html","unavailable":true},"txtec0fe94d2":{"name":"특수 문자 삽입하기","href":"txtec0fe94d2.html","unavailable":true},"txted1026":{"name":"도큐멘트 보호하기","href":"txted1026.html","unavailable":true},"txte15912956":{"name":"스타일 사용하기","href":"txte15912956.html","unavailable":true},"txtef6cfde1a":{"name":"텍스트 찾기 및 대치하기","href":"txtef6cfde1a.html","unavailable":true},"txte5d6611d0":{"name":"사진, 동영상 및 파일 추가하기","href":"txte5d6611d0.html","unavailable":true},"txte44f15043":{"name":"머리말 및 꼬리말 추가하기","href":"txte44f15043.html","unavailable":true},"txtee6663a0e":{"name":"새로운 도큐멘트 시작하기","href":"txtee6663a0e.html","unavailable":true}},"copyright_text":"© 2014 Apple Inc. 모든 권리 보유.","css":""}