{"framework":"apd-framework-8.4.6","title":"วิธีใช้ TextEdit","build_id":"53acb734680ce25c21a1dab4","icon":"..\/GlobalArt\/AppIconDefault_TextEdit.png","sections":{"txteff27d864":{"name":"การใช้เครื่องมือเขียน","children":["txte86b1c1b9","txtef6cfde1a","txtef5d9dd70"]},"txte66378667":{"name":"การสร้างและเปิดเอกสาร","children":["txtee6663a0e","txte51413d09","txte71fa0102","txted0b6cd61","txte825e96e7"]},"txtead825d1d":{"name":"การจัดรูปแบบเอกสาร","children":["txte313927e3","txte88fd8bcb","txte3ab65427","txte44f15043","txte5c41b552"]},"txte33f64074":{"name":"การแก้ไขเอกสาร","children":["txte58c1b39e","txte15912956","txte4120841e","txtec0fe94d2","txte5d6611d0","txte52183e41"]}},"birdseed_version":3,"toc":["txte036c41fb","txte66378667","txtead825d1d","txte33f64074","txteff27d864"],"locale":"th","version":"10.10","enable_tracking":false,"source_schema":"apd-schema","platform":"mac","design":"default","build_date":"2014.06.26-17:19:01","landing":"txted35466","product":"textedit","urls":{},"copyright":"","topics":{"txted1002":{"name":"การใช้ตัวยกและตัวห้อย","href":"txted1002.html","unavailable":true},"txte5c41b552":{"name":"การตั้งค่าอักขระและการเว้นระยะห่างบรรทัด","href":"txte5c41b552.html","unavailable":true},"txte86b1c1b9":{"name":"ตรวจสอบการสะกดและไวยากรณ์","href":"txte86b1c1b9.html","unavailable":true},"txted35749":{"name":"การเพิ่มสี","href":"txted35749.html","unavailable":true},"txte52183e41":{"name":"การใส่คำอธิบายประกอบในรูปภาพด้วยมาร์กอัป","href":"txte52183e41.html","unavailable":true},"txted1044":{"name":"หากคุณไม่สามารถดูรหัสในไฟล์ HTML ได้","href":"txted1044.html","unavailable":true},"txtef5d9dd70":{"name":"การเติมคำที่ป้อนแล้วบางส่วนให้สมบูรณ์","href":"txtef5d9dd70.html","unavailable":true},"txted35754":{"name":"เว้นระยะห่างบรรทัดของข้อความที่วางอย่างเหมาะสมโดยอัตโนมัติ","href":"txted35754.html","unavailable":true},"txted1065":{"name":"การเปลี่ยนแปลงวิธีบันทึกไฟล์ HTML","href":"txted1065.html","unavailable":true},"txted1028":{"name":"หากอักขระแสดงไม่ถูกต้อง","href":"txted1028.html","unavailable":true},"txte88fd8bcb":{"name":"แทรกบรรทัด ย่อหน้า และตัวแบ่งหน้า","href":"txte88fd8bcb.html","unavailable":true},"txte58c1b39e":{"name":"การเปลี่ยนลักษณะข้อความ","href":"txte58c1b39e.html","unavailable":true},"txte4120841e":{"name":"การเพิ่มตารางและรายการ","href":"txte4120841e.html","unavailable":true},"txted1059":{"name":"สร้างไฟล์ PDF","href":"txted1059.html","unavailable":true},"txte313927e3":{"name":"การปรับขอบกระดาษและย่อหน้า","href":"txte313927e3.html","unavailable":true},"txte71fa0102":{"name":"การบันทึกเอกสาร","href":"txte71fa0102.html","unavailable":true},"txted1018":{"name":"การตั้งค่าแถบหยุดและการเยื้องย่อหน้า","href":"txted1018.html","unavailable":true},"txted35466":{"name":"วิธีใช้ TextEdit","href":"txted35466.html","categories":["landing"]},"txted35745":{"name":"การเพิ่มลิงก์ที่คลิกได้โดยอัตโนมัติ","href":"txted35745.html","unavailable":true},"txte036c41fb":{"name":"ภาพรวม TextEdit","href":"txte036c41fb.html","unavailable":true},"txte3ab65427":{"name":"การเปลี่ยนวิธีตัดข้อความ","href":"txte3ab65427.html","unavailable":true},"txte51413d09":{"name":"การเปิดเอกสาร","href":"txte51413d09.html","unavailable":true},"txted1019":{"name":"หากการจัดรูปแบบข้อความของคุณหายไป","href":"txted1019.html","unavailable":true},"txted0b6cd61":{"name":"การทำงานกับเอกสาร HTML","href":"txted0b6cd61.html","unavailable":true},"txte825e96e7":{"name":"การฟังเอกสาร","href":"txte825e96e7.html","unavailable":true},"txted35481":{"name":"การใช้ข้อความแนวตั้ง","href":"txted35481.html","unavailable":true},"txted11519":{"name":"ข้ามไปยังตำแหน่งในเอกสาร","href":"txted11519.html","unavailable":true},"txted35741":{"name":"การแสดงคำสั่ง RTF ในไฟล์ RTF","href":"txted35741.html","unavailable":true},"txted35753":{"name":"การเปิดตัวตรวจสอบข้อมูล","href":"txted35753.html","unavailable":true},"txted1057":{"name":"การเพิ่มคุณสมบัติให้กับเอกสาร","href":"txted1057.html","unavailable":true},"txted1063":{"name":"การติดตั้งการตั้งค่าเอกสารใหม่ การเปิด และการบันทึก","href":"txted1063.html","unavailable":true},"txtec0fe94d2":{"name":"การแทรกอักขระพิเศษ","href":"txtec0fe94d2.html","unavailable":true},"txted1026":{"name":"ป้องกันเอกสาร","href":"txted1026.html","unavailable":true},"txte15912956":{"name":"การใช้รูปแบบ","href":"txte15912956.html","unavailable":true},"txtef6cfde1a":{"name":"การค้นหาและแทนที่ข้อความ","href":"txtef6cfde1a.html","unavailable":true},"txte5d6611d0":{"name":"การเพิ่มรูปภาพ ภาพยนตร์ และไฟล์","href":"txte5d6611d0.html","unavailable":true},"txte44f15043":{"name":"การเพิ่มหัวกระดาษและท้ายกระดาษ","href":"txte44f15043.html","unavailable":true},"txtee6663a0e":{"name":"การเริ่มต้นเอกสารใหม่","href":"txtee6663a0e.html","unavailable":true}},"copyright_text":"© 2014 Apple Inc สงวนลิขสิทธิ์","css":""}