{"framework":"apd-framework-8.4.6","title":"TextEdit-Hilfe","build_id":"53acb72b680ce25c21a1da36","icon":"..\/GlobalArt\/AppIconDefault_TextEdit.png","sections":{"txteff27d864":{"name":"Verwenden von Schreibwerkzeugen","children":["txte86b1c1b9","txtef6cfde1a","txtef5d9dd70"]},"txte66378667":{"name":"Erstellen und Öffnen von Dokumenten","children":["txtee6663a0e","txte51413d09","txte71fa0102","txted0b6cd61","txte825e96e7"]},"txtead825d1d":{"name":"Formatieren von Dokumenten","children":["txte313927e3","txte88fd8bcb","txte3ab65427","txte44f15043","txte5c41b552"]},"txte33f64074":{"name":"Bearbeiten von Dokumenten","children":["txte58c1b39e","txte15912956","txte4120841e","txtec0fe94d2","txte5d6611d0","txte52183e41"]}},"birdseed_version":3,"toc":["txte036c41fb","txte66378667","txtead825d1d","txte33f64074","txteff27d864"],"locale":"de","version":"10.10","enable_tracking":false,"source_schema":"apd-schema","platform":"mac","design":"default","build_date":"2014.06.26-17:17:16","landing":"txted35466","product":"textedit","urls":{},"copyright":"","topics":{"txted1002":{"name":"Verwenden von Hochstellung oder Tiefstellung","href":"txted1002.html","unavailable":true},"txte5c41b552":{"name":"Einstellen von Zeichen- und Zeilenabstand","href":"txte5c41b552.html","unavailable":true},"txte86b1c1b9":{"name":"Prüfen von Rechtschreibung und Grammatik","href":"txte86b1c1b9.html","unavailable":true},"txted35749":{"name":"Hinzufügen von Farbe","href":"txted35749.html","unavailable":true},"txte52183e41":{"name":"Markieren von Bildern mit der Markierungsfunktion","href":"txte52183e41.html","unavailable":true},"txted1044":{"name":"Der Code in einer HTML-Datei kann nicht angezeigt werden","href":"txted1044.html","unavailable":true},"txtef5d9dd70":{"name":"Vervollständigen von teilweise eingegebenen Wörtern","href":"txtef5d9dd70.html","unavailable":true},"txted35754":{"name":"Automatisches Anpassen des Zeichenabstands von eingefügtem Text","href":"txted35754.html","unavailable":true},"txted1065":{"name":"Ändern, wie HTML-Dateien gesichert werden","href":"txted1065.html","unavailable":true},"txted1028":{"name":"Zeichen werden nicht korrekt angezeigt","href":"txted1028.html","unavailable":true},"txte88fd8bcb":{"name":"Einfügen von Zeilen-, Absatz- und Seitenumbrüchen","href":"txte88fd8bcb.html","unavailable":true},"txte58c1b39e":{"name":"Ändern der Textdarstellung","href":"txte58c1b39e.html","unavailable":true},"txte4120841e":{"name":"Hinzufügen von Tabellen und Listen","href":"txte4120841e.html","unavailable":true},"txted1059":{"name":"Erstellen von PDF-Dateien","href":"txted1059.html","unavailable":true},"txte313927e3":{"name":"Anpassen von Rändern und Absätzen","href":"txte313927e3.html","unavailable":true},"txte71fa0102":{"name":"Sichern von Dokumenten","href":"txte71fa0102.html","unavailable":true},"txted1018":{"name":"Festlegen von Tabulatoren und Absatzeinzügen","href":"txted1018.html","unavailable":true},"txted35466":{"name":"TextEdit-Hilfe","href":"txted35466.html","categories":["landing"]},"txted35745":{"name":"Automatisches Hinzufügen von klickbaren Links","href":"txted35745.html","unavailable":true},"txte036c41fb":{"name":"TextEdit – Übersicht","href":"txte036c41fb.html","unavailable":true},"txte3ab65427":{"name":"Ändern des Textumbruchs","href":"txte3ab65427.html","unavailable":true},"txte51413d09":{"name":"Öffnen von Dokumenten","href":"txte51413d09.html","unavailable":true},"txted1019":{"name":"Die Textformatierung ist verschwunden","href":"txted1019.html","unavailable":true},"txted0b6cd61":{"name":"Arbeiten mit HTML-Dokumenten","href":"txted0b6cd61.html","unavailable":true},"txte825e96e7":{"name":"Anhören von Dokumenten","href":"txte825e96e7.html","unavailable":true},"txted35481":{"name":"Verwenden von vertikalem Text","href":"txted35481.html","unavailable":true},"txted11519":{"name":"Wechseln zu Positionen im Dokument","href":"txted11519.html","unavailable":true},"txted35741":{"name":"Anzeigen des RTF-Quelltexts in RTF-Dateien","href":"txted35741.html","unavailable":true},"txted35753":{"name":"Aktivieren der Datenerkennung","href":"txted35753.html","unavailable":true},"txted1057":{"name":"Hinzufügen von Eigenschaften zu Dokumenten","href":"txted1057.html","unavailable":true},"txted1063":{"name":"Festlegen der Einstellungen „Neues Dokument“ und „Öffnen und Sichern“","href":"txted1063.html","unavailable":true},"txtec0fe94d2":{"name":"Hinzufügen von Sonderzeichen","href":"txtec0fe94d2.html","unavailable":true},"txted1026":{"name":"Schützen von Dokumenten","href":"txted1026.html","unavailable":true},"txte15912956":{"name":"Verwenden von Stilen","href":"txte15912956.html","unavailable":true},"txtef6cfde1a":{"name":"Suchen und Ersetzen von Text","href":"txtef6cfde1a.html","unavailable":true},"txte5d6611d0":{"name":"Hinzufügen von Fotos, Filmen und Dateien","href":"txte5d6611d0.html","unavailable":true},"txte44f15043":{"name":"Hinzufügen von Kopf- und Fußzeilen","href":"txte44f15043.html","unavailable":true},"txtee6663a0e":{"name":"Beginnen von neuen Dokumenten","href":"txtee6663a0e.html","unavailable":true}},"copyright_text":"© 2014 Apple Inc. Alle Rechte vorbehalten.","css":""}