{"framework":"apd-framework-8.4.6","title":"Hjælp til TextEdit","build_id":"53acb72e680ce25c21a1da5a","icon":"..\/GlobalArt\/AppIconDefault_TextEdit.png","sections":{"txteff27d864":{"name":"Brug skriveværktøjer","children":["txte86b1c1b9","txtef6cfde1a","txtef5d9dd70"]},"txte66378667":{"name":"Opret og åbn dokumenter","children":["txtee6663a0e","txte51413d09","txte71fa0102","txted0b6cd61","txte825e96e7"]},"txtead825d1d":{"name":"Formater dokumenter","children":["txte313927e3","txte88fd8bcb","txte3ab65427","txte44f15043","txte5c41b552"]},"txte33f64074":{"name":"Rediger dokumenter","children":["txte58c1b39e","txte15912956","txte4120841e","txtec0fe94d2","txte5d6611d0","txte52183e41"]}},"birdseed_version":3,"toc":["txte036c41fb","txte66378667","txtead825d1d","txte33f64074","txteff27d864"],"locale":"da","version":"10.10","enable_tracking":false,"source_schema":"apd-schema","platform":"mac","design":"default","build_date":"2014.06.26-17:17:53","landing":"txted35466","product":"textedit","urls":{},"copyright":"","topics":{"txted1002":{"name":"Brug hævet og sænket skrift i TextEdit","href":"txted1002.html","unavailable":true},"txte5c41b552":{"name":"Indstil tegn- og linjeafstand i TextEdit","href":"txte5c41b552.html","unavailable":true},"txte86b1c1b9":{"name":"Kontroller stavning og grammatik i TextEdit","href":"txte86b1c1b9.html","unavailable":true},"txted35749":{"name":"Tilføj farve","href":"txted35749.html","unavailable":true},"txte52183e41":{"name":"Forsyn billeder med noter med Markering","href":"txte52183e41.html","unavailable":true},"txted1044":{"name":"Hvis du ikke kan se koden i et HTML-arkiv vha. TextEdit","href":"txted1044.html","unavailable":true},"txtef5d9dd70":{"name":"Færdiggør delvist indtastede ord i TextEdit","href":"txtef5d9dd70.html","unavailable":true},"txted35754":{"name":"Juster automatisk afstand i indsat tekst i TextEdit","href":"txted35754.html","unavailable":true},"txted1065":{"name":"Rediger den måde, HTML-dokumenter arkiveres på i TextEdit","href":"txted1065.html","unavailable":true},"txted1028":{"name":"Hvis tegn ikke vises korrekt i TextEdit","href":"txted1028.html","unavailable":true},"txte88fd8bcb":{"name":"Indsæt linje-, afsnits- og sideskift i TextEdit","href":"txte88fd8bcb.html","unavailable":true},"txte58c1b39e":{"name":"Skift udseendet på tekst","href":"txte58c1b39e.html","unavailable":true},"txte4120841e":{"name":"Tilføj tabeller og lister","href":"txte4120841e.html","unavailable":true},"txted1059":{"name":"Opret PDF-dokumenter","href":"txted1059.html","unavailable":true},"txte313927e3":{"name":"Juster margener og afsnit","href":"txte313927e3.html","unavailable":true},"txte71fa0102":{"name":"Opret nye dokumenter","href":"txte71fa0102.html","unavailable":true},"txted1018":{"name":"Indstil tabulatorer og indrykning af afsnit i TextEdit","href":"txted1018.html","unavailable":true},"txted35466":{"name":"Hjælp til TextEdit","href":"txted35466.html","categories":["landing"]},"txted35745":{"name":"Tilføj automatisk henvisninger, du kan klikke på","href":"txted35745.html","unavailable":true},"txte036c41fb":{"name":"Oversigt over TextEdit","href":"txte036c41fb.html","unavailable":true},"txte3ab65427":{"name":"Vælg, hvordan tekst skal ombrydes","href":"txte3ab65427.html","unavailable":true},"txte51413d09":{"name":"Åbn dokumenter","href":"txte51413d09.html","unavailable":true},"txted1019":{"name":"Hvis tekstformater forsvinder i TextEdit","href":"txted1019.html","unavailable":true},"txted0b6cd61":{"name":"Arbejd med HTML-dokumenter i TextEdit","href":"txted0b6cd61.html","unavailable":true},"txte825e96e7":{"name":"Lyt til dokumenter","href":"txte825e96e7.html","unavailable":true},"txted35481":{"name":"Brug lodret tekst","href":"txted35481.html","unavailable":true},"txted11519":{"name":"Hop til bestemte steder i TextEdit-dokumenter","href":"txted11519.html","unavailable":true},"txted35741":{"name":"Se RTF-koder i RTF-dokumenter vha. TextEdit","href":"txted35741.html","unavailable":true},"txted35753":{"name":"Slå datasøgning til","href":"txted35753.html","unavailable":true},"txted1057":{"name":"Føj egenskaber til TextEdit-dokumenter","href":"txted1057.html","unavailable":true},"txted1063":{"name":"Vælg indstillinger til åbning og arkivering af nye dokumenter i TextEdit","href":"txted1063.html","unavailable":true},"txtec0fe94d2":{"name":"Indsæt specialtegn","href":"txtec0fe94d2.html","unavailable":true},"txted1026":{"name":"Beskyt dokumenter","href":"txted1026.html","unavailable":true},"txte15912956":{"name":"Brug formater","href":"txte15912956.html","unavailable":true},"txtef6cfde1a":{"name":"Find og erstat tekst","href":"txtef6cfde1a.html","unavailable":true},"txte5d6611d0":{"name":"Tilføj fotografier, film og arkiver i TextEdit","href":"txte5d6611d0.html","unavailable":true},"txte44f15043":{"name":"Tilføj sidehoveder og -fødder","href":"txte44f15043.html","unavailable":true},"txtee6663a0e":{"name":"Opret nye dokumenter","href":"txtee6663a0e.html","unavailable":true}},"copyright_text":"© 2014 Apple Inc. Alle rettigheder forbeholdes.","css":""}