{"framework":"apd-framework-8.4.6","title":"Teksteditor Help","build_id":"53acb738680ce25c21a1dafc","icon":"..\/GlobalArt\/AppIconDefault_TextEdit.png","sections":{"txteff27d864":{"name":"Tekstfuncties gebruiken","children":["txte86b1c1b9","txtef6cfde1a","txtef5d9dd70"]},"txte66378667":{"name":"Documenten aanmaken en openen","children":["txtee6663a0e","txte51413d09","txte71fa0102","txted0b6cd61","txte825e96e7"]},"txtead825d1d":{"name":"Documenten opmaken","children":["txte313927e3","txte88fd8bcb","txte3ab65427","txte44f15043","txte5c41b552"]},"txte33f64074":{"name":"Documenten bewerken","children":["txte58c1b39e","txte15912956","txte4120841e","txtec0fe94d2","txte5d6611d0","txte52183e41"]}},"birdseed_version":3,"toc":["txte036c41fb","txte66378667","txtead825d1d","txte33f64074","txteff27d864"],"locale":"nl","version":"10.10","enable_tracking":false,"source_schema":"apd-schema","platform":"mac","design":"default","build_date":"2014.06.26-17:19:54","landing":"txted35466","product":"textedit","urls":{},"copyright":"","topics":{"txted1002":{"name":"Superscript en subscript gebruiken","href":"txted1002.html","unavailable":true},"txte5c41b552":{"name":"Tekenafstand en regelafstand instellen","href":"txte5c41b552.html","unavailable":true},"txte86b1c1b9":{"name":"Spelling en grammatica controleren","href":"txte86b1c1b9.html","unavailable":true},"txted35749":{"name":"Kleur toevoegen","href":"txted35749.html","unavailable":true},"txte52183e41":{"name":"Afbeeldingen met 'Markeringen' annoteren","href":"txte52183e41.html","unavailable":true},"txted1044":{"name":"De code in een HTML-bestand is niet zichtbaar","href":"txted1044.html","unavailable":true},"txtef5d9dd70":{"name":"Gedeeltelijk getypte woorden aanvullen","href":"txtef5d9dd70.html","unavailable":true},"txted35754":{"name":"Automatisch de juiste afstand van geplakte tekst bepalen","href":"txted35754.html","unavailable":true},"txted1065":{"name":"Andere instellingen opgeven voor het bewaren van HTML-bestanden","href":"txted1065.html","unavailable":true},"txted1028":{"name":"Tekens worden niet juist weergegeven","href":"txted1028.html","unavailable":true},"txte88fd8bcb":{"name":"Regeleinden, alinea-einden of pagina-einden invoegen","href":"txte88fd8bcb.html","unavailable":true},"txte58c1b39e":{"name":"De stijl van de tekst wijzigen","href":"txte58c1b39e.html","unavailable":true},"txte4120841e":{"name":"Tabellen en lijsten toevoegen","href":"txte4120841e.html","unavailable":true},"txted1059":{"name":"Pdf-bestanden aanmaken","href":"txted1059.html","unavailable":true},"txte313927e3":{"name":"Marges en alinea's aanpassen","href":"txte313927e3.html","unavailable":true},"txte71fa0102":{"name":"Documenten bewaren","href":"txte71fa0102.html","unavailable":true},"txted1018":{"name":"Tabstops en alinea-inspringingen instellen","href":"txted1018.html","unavailable":true},"txted35466":{"name":"Teksteditor Help","href":"txted35466.html","categories":["landing"]},"txted35745":{"name":"Aanklikbare koppelingen automatisch toevoegen","href":"txted35745.html","unavailable":true},"txte036c41fb":{"name":"Overzicht van Teksteditor","href":"txte036c41fb.html","unavailable":true},"txte3ab65427":{"name":"De tekstterugloop wijzigen","href":"txte3ab65427.html","unavailable":true},"txte51413d09":{"name":"Documenten openen","href":"txte51413d09.html","unavailable":true},"txted1019":{"name":"De tekstopmaak verdwijnt","href":"txted1019.html","unavailable":true},"txted0b6cd61":{"name":"Werken met HTML-documenten","href":"txted0b6cd61.html","unavailable":true},"txte825e96e7":{"name":"Documenten laten voorlezen","href":"txte825e96e7.html","unavailable":true},"txted35481":{"name":"Verticale tekst gebruiken","href":"txted35481.html","unavailable":true},"txted11519":{"name":"Naar locaties in documenten gaan","href":"txted11519.html","unavailable":true},"txted35741":{"name":"RTF-code in RTF-bestanden weergeven","href":"txted35741.html","unavailable":true},"txted35753":{"name":"Datadetectie inschakelen","href":"txted35753.html","unavailable":true},"txted1057":{"name":"Kenmerken toevoegen aan documenten","href":"txted1057.html","unavailable":true},"txted1063":{"name":"Voorkeuren instellen voor het aanmaken, openen en bewaren van documenten","href":"txted1063.html","unavailable":true},"txtec0fe94d2":{"name":"Speciale tekens invoegen","href":"txtec0fe94d2.html","unavailable":true},"txted1026":{"name":"Documenten beveiligen","href":"txted1026.html","unavailable":true},"txte15912956":{"name":"Stijlen gebruiken","href":"txte15912956.html","unavailable":true},"txtef6cfde1a":{"name":"Tekst zoeken en vervangen","href":"txtef6cfde1a.html","unavailable":true},"txte5d6611d0":{"name":"Foto's, films en bestanden toevoegen","href":"txte5d6611d0.html","unavailable":true},"txte44f15043":{"name":"Kop- en voetteksten toevoegen","href":"txte44f15043.html","unavailable":true},"txtee6663a0e":{"name":"Nieuwe documenten aanmaken","href":"txtee6663a0e.html","unavailable":true}},"copyright_text":"© 2014 Apple Inc. Alle rechten voorbehouden.","css":""}