{"framework":"apd-framework-8.4.6","title":"文字編輯輔助說明","build_id":"53acb72c680ce25c21a1da3f","icon":"..\/GlobalArt\/AppIconDefault_TextEdit.png","sections":{"txteff27d864":{"name":"使用編寫工具","children":["txte86b1c1b9","txtef6cfde1a","txtef5d9dd70"]},"txte66378667":{"name":"製作和打開文件","children":["txtee6663a0e","txte51413d09","txte71fa0102","txted0b6cd61","txte825e96e7"]},"txtead825d1d":{"name":"格式化文件","children":["txte313927e3","txte88fd8bcb","txte3ab65427","txte44f15043","txte5c41b552"]},"txte33f64074":{"name":"編輯文件","children":["txte58c1b39e","txte15912956","txte4120841e","txtec0fe94d2","txte5d6611d0","txte52183e41"]}},"birdseed_version":3,"toc":["txte036c41fb","txte66378667","txtead825d1d","txte33f64074","txteff27d864"],"locale":"zh-tw","version":"10.10","enable_tracking":false,"source_schema":"apd-schema","platform":"mac","design":"default","build_date":"2014.06.26-17:17:28","landing":"txted35466","product":"textedit","urls":{},"copyright":"","topics":{"txted1002":{"name":"使用上標或下標","href":"txted1002.html","unavailable":true},"txte5c41b552":{"name":"設定字元和行距","href":"txte5c41b552.html","unavailable":true},"txte86b1c1b9":{"name":"檢查拼字和文法","href":"txte86b1c1b9.html","unavailable":true},"txted35749":{"name":"加入顏色","href":"txted35749.html","unavailable":true},"txte52183e41":{"name":"使用「標示」在影像中加入註解","href":"txte52183e41.html","unavailable":true},"txted1044":{"name":"若無法檢視 HTML 檔案裡的原始碼","href":"txted1044.html","unavailable":true},"txtef5d9dd70":{"name":"自動完成已部分輸入的單字","href":"txtef5d9dd70.html","unavailable":true},"txted35754":{"name":"自動為貼上的文字設定適當間距","href":"txted35754.html","unavailable":true},"txted1065":{"name":"更改 HTML 檔案的儲存方式","href":"txted1065.html","unavailable":true},"txted1028":{"name":"若字元無法正確顯示","href":"txted1028.html","unavailable":true},"txte88fd8bcb":{"name":"插入斷行標記、分段標記和分頁標記","href":"txte88fd8bcb.html","unavailable":true},"txte58c1b39e":{"name":"更改文字的外觀","href":"txte58c1b39e.html","unavailable":true},"txte4120841e":{"name":"加入表格和列表","href":"txte4120841e.html","unavailable":true},"txted1059":{"name":"製作 PDF 檔案","href":"txted1059.html","unavailable":true},"txte313927e3":{"name":"調整頁邊和段落","href":"txte313927e3.html","unavailable":true},"txte71fa0102":{"name":"儲存文件","href":"txte71fa0102.html","unavailable":true},"txted1018":{"name":"設定定位點和段落縮排","href":"txted1018.html","unavailable":true},"txted35466":{"name":"文字編輯輔助說明","href":"txted35466.html","categories":["landing"]},"txted35745":{"name":"自動加入可點按的連結","href":"txted35745.html","unavailable":true},"txte036c41fb":{"name":"文字編輯概覽","href":"txte036c41fb.html","unavailable":true},"txte3ab65427":{"name":"更改文字折行方式","href":"txte3ab65427.html","unavailable":true},"txte51413d09":{"name":"打開文件","href":"txte51413d09.html","unavailable":true},"txted1019":{"name":"如果文字格式消失","href":"txted1019.html","unavailable":true},"txted0b6cd61":{"name":"處理 HTML 文件","href":"txted0b6cd61.html","unavailable":true},"txte825e96e7":{"name":"聽取文件","href":"txte825e96e7.html","unavailable":true},"txted35481":{"name":"使用直式文字","href":"txted35481.html","unavailable":true},"txted11519":{"name":"跳至文件中的位置","href":"txted11519.html","unavailable":true},"txted35741":{"name":"檢視 RTF 檔案中的 RTF 內容","href":"txted35741.html","unavailable":true},"txted35753":{"name":"開啟資料偵測器","href":"txted35753.html","unavailable":true},"txted1057":{"name":"將屬性加入到文件中","href":"txted1057.html","unavailable":true},"txted1063":{"name":"設定新文件、打開和儲存偏好設定","href":"txted1063.html","unavailable":true},"txtec0fe94d2":{"name":"插入特殊字元","href":"txtec0fe94d2.html","unavailable":true},"txted1026":{"name":"保護文件","href":"txted1026.html","unavailable":true},"txte15912956":{"name":"使用樣式","href":"txte15912956.html","unavailable":true},"txtef6cfde1a":{"name":"尋找和取代文字","href":"txtef6cfde1a.html","unavailable":true},"txte5d6611d0":{"name":"加入照片、影片和檔案","href":"txte5d6611d0.html","unavailable":true},"txte44f15043":{"name":"加入標頭和註腳","href":"txte44f15043.html","unavailable":true},"txtee6663a0e":{"name":"開始編輯新文件","href":"txtee6663a0e.html","unavailable":true}},"copyright_text":"© 2014 Apple Inc. 保留一切權利。","css":""}