{"framework":"apd-framework-8.4.6","title":"Trợ giúp TextEdit","build_id":"53acb733680ce25c21a1daab","icon":"..\/GlobalArt\/AppIconDefault_TextEdit.png","sections":{"txteff27d864":{"name":"Sử dụng công cụ viết","children":["txte86b1c1b9","txtef6cfde1a","txtef5d9dd70"]},"txte66378667":{"name":"Tạo và mở tài liệu","children":["txtee6663a0e","txte51413d09","txte71fa0102","txted0b6cd61","txte825e96e7"]},"txtead825d1d":{"name":"Định dạng tài liệu","children":["txte313927e3","txte88fd8bcb","txte3ab65427","txte44f15043","txte5c41b552"]},"txte33f64074":{"name":"Sửa tài liệu","children":["txte58c1b39e","txte15912956","txte4120841e","txtec0fe94d2","txte5d6611d0","txte52183e41"]}},"birdseed_version":3,"toc":["txte036c41fb","txte66378667","txtead825d1d","txte33f64074","txteff27d864"],"locale":"vi","version":"10.10","enable_tracking":false,"source_schema":"apd-schema","platform":"mac","design":"default","build_date":"2014.06.26-17:18:51","landing":"txted35466","product":"textedit","urls":{},"copyright":"","topics":{"txted1002":{"name":"Sử dụng chỉ số trên hoặc chỉ số dưới","href":"txted1002.html","unavailable":true},"txte5c41b552":{"name":"Đặt giãn cách ký tự và giãn cách dòng","href":"txte5c41b552.html","unavailable":true},"txte86b1c1b9":{"name":"Kiểm tra chính tả và ngữ pháp","href":"txte86b1c1b9.html","unavailable":true},"txted35749":{"name":"Thêm màu","href":"txted35749.html","unavailable":true},"txte52183e41":{"name":"Chú thích hình ảnh bằng Đánh dấu","href":"txte52183e41.html","unavailable":true},"txted1044":{"name":"Nếu bạn không thể xem mã trong tệp HTML","href":"txted1044.html","unavailable":true},"txtef5d9dd70":{"name":"Hoàn thành các từ được nhập một phần","href":"txtef5d9dd70.html","unavailable":true},"txted35754":{"name":"Tự động giãn cách phù hợp văn bản được dán","href":"txted35754.html","unavailable":true},"txted1065":{"name":"Thay đổi cách lưu tệp HTML","href":"txted1065.html","unavailable":true},"txted1028":{"name":"Nếu các ký tự không được hiển thị chính xác","href":"txted1028.html","unavailable":true},"txte88fd8bcb":{"name":"Chèn dấu ngắt dòng, đoạn và trang","href":"txte88fd8bcb.html","unavailable":true},"txte58c1b39e":{"name":"Thay đổi hình thức của văn bản","href":"txte58c1b39e.html","unavailable":true},"txte4120841e":{"name":"Thêm bảng và danh sách","href":"txte4120841e.html","unavailable":true},"txted1059":{"name":"Tạo tệp SDP","href":"txted1059.html","unavailable":true},"txte313927e3":{"name":"Điều chỉnh lề và đoạn","href":"txte313927e3.html","unavailable":true},"txte71fa0102":{"name":"Lưu tài liệu","href":"txte71fa0102.html","unavailable":true},"txted1018":{"name":"Đặt các điểm dừng tab và thụt lề đoạn","href":"txted1018.html","unavailable":true},"txted35466":{"name":"Trợ giúp TextEdit","href":"txted35466.html","categories":["landing"]},"txted35745":{"name":"Tự động thêm liên kết có thể bấm","href":"txted35745.html","unavailable":true},"txte036c41fb":{"name":"Tổng quan về TextEdit","href":"txte036c41fb.html","unavailable":true},"txte3ab65427":{"name":"Thay đổi cách xuống dòng văn bản","href":"txte3ab65427.html","unavailable":true},"txte51413d09":{"name":"Mở tài liệu","href":"txte51413d09.html","unavailable":true},"txted1019":{"name":"Nếu định dạng văn bản biến mất","href":"txted1019.html","unavailable":true},"txted0b6cd61":{"name":"Làm việc với tài liệu HTML","href":"txted0b6cd61.html","unavailable":true},"txte825e96e7":{"name":"Nghe tài liệu","href":"txte825e96e7.html","unavailable":true},"txted35481":{"name":"Sử dụng văn bản theo chiều dọc","href":"txted35481.html","unavailable":true},"txted11519":{"name":"Nhảy tới các vị trí trong tài liệu","href":"txted11519.html","unavailable":true},"txted35741":{"name":"Xem các lệnh RTF trong tệp RTF","href":"txted35741.html","unavailable":true},"txted35753":{"name":"Bật bộ dò tìm dữ liệu","href":"txted35753.html","unavailable":true},"txted1057":{"name":"Thêm thuộc tính vào tài liệu","href":"txted1057.html","unavailable":true},"txted1063":{"name":"Đặt tùy chọn tài liệu mới, mở và lưu","href":"txted1063.html","unavailable":true},"txtec0fe94d2":{"name":"Chèn ký tự đặc biệt","href":"txtec0fe94d2.html","unavailable":true},"txted1026":{"name":"Bảo vệ tài liệu","href":"txted1026.html","unavailable":true},"txte15912956":{"name":"Sử dụng kiểu","href":"txte15912956.html","unavailable":true},"txtef6cfde1a":{"name":"Tìm và thay thế văn bản","href":"txtef6cfde1a.html","unavailable":true},"txte5d6611d0":{"name":"Thêm ảnh, phim và tệp","href":"txte5d6611d0.html","unavailable":true},"txte44f15043":{"name":"Thêm đầu trang và chân trang","href":"txte44f15043.html","unavailable":true},"txtee6663a0e":{"name":"Bắt đầu tài liệu mới","href":"txtee6663a0e.html","unavailable":true}},"copyright_text":"© 2014 Apple Inc. Mọi quyền được bảo lưu.","css":""}