{"framework":"apd-framework-8.4.6","title":"Textredigerare Hjälp","build_id":"53acb73c680ce25c21a1db32","icon":"..\/GlobalArt\/AppIconDefault_TextEdit.png","sections":{"txteff27d864":{"name":"Använda skrivverktyg","children":["txte86b1c1b9","txtef6cfde1a","txtef5d9dd70"]},"txte66378667":{"name":"Skapa och öppna dokument","children":["txtee6663a0e","txte51413d09","txte71fa0102","txted0b6cd61","txte825e96e7"]},"txtead825d1d":{"name":"Formatera dokument","children":["txte313927e3","txte88fd8bcb","txte3ab65427","txte44f15043","txte5c41b552"]},"txte33f64074":{"name":"Redigera dokument","children":["txte58c1b39e","txte15912956","txte4120841e","txtec0fe94d2","txte5d6611d0","txte52183e41"]}},"birdseed_version":3,"toc":["txte036c41fb","txte66378667","txtead825d1d","txte33f64074","txteff27d864"],"locale":"sv","version":"10.10","enable_tracking":false,"source_schema":"apd-schema","platform":"mac","design":"default","build_date":"2014.06.26-17:20:36","landing":"txted35466","product":"textedit","urls":{},"copyright":"","topics":{"txted1002":{"name":"Använda upphöjd eller nedsänkt text","href":"txted1002.html","unavailable":true},"txte5c41b552":{"name":"Ställa in tecken- och radavstånd","href":"txte5c41b552.html","unavailable":true},"txte86b1c1b9":{"name":"Kontrollera stavning och grammatik","href":"txte86b1c1b9.html","unavailable":true},"txted35749":{"name":"Lägga till färg","href":"txted35749.html","unavailable":true},"txte52183e41":{"name":"Göra anteckningar i bilder med märkningsfunktionen","href":"txte52183e41.html","unavailable":true},"txted1044":{"name":"Om du inte kan visa kod i en HTML-fil","href":"txted1044.html","unavailable":true},"txtef5d9dd70":{"name":"Komplettera ofullständiga ord","href":"txtef5d9dd70.html","unavailable":true},"txted35754":{"name":"Klistra in text med rätt avstånd automatiskt","href":"txted35754.html","unavailable":true},"txted1065":{"name":"Ändra hur HTML-filer sparas","href":"txted1065.html","unavailable":true},"txted1028":{"name":"Om tecken inte visas på rätt sätt","href":"txted1028.html","unavailable":true},"txte88fd8bcb":{"name":"Infoga rad-, stycke- och sidbrytningar","href":"txte88fd8bcb.html","unavailable":true},"txte58c1b39e":{"name":"Ändra utseendet på text","href":"txte58c1b39e.html","unavailable":true},"txte4120841e":{"name":"Lägga till tabeller och listor","href":"txte4120841e.html","unavailable":true},"txted1059":{"name":"Skapa PDF-filer","href":"txted1059.html","unavailable":true},"txte313927e3":{"name":"Justera marginaler och stycken","href":"txte313927e3.html","unavailable":true},"txte71fa0102":{"name":"Spara dokument","href":"txte71fa0102.html","unavailable":true},"txted1018":{"name":"Ställa in tabbstopp och styckeindragningar","href":"txted1018.html","unavailable":true},"txted35466":{"name":"Textredigerare Hjälp","href":"txted35466.html","categories":["landing"]},"txted35745":{"name":"Lägga till klickbara länkar automatiskt","href":"txted35745.html","unavailable":true},"txte036c41fb":{"name":"Textredigerare i översikt","href":"txte036c41fb.html","unavailable":true},"txte3ab65427":{"name":"Ändra radbrytningen i text","href":"txte3ab65427.html","unavailable":true},"txte51413d09":{"name":"Öppna dokument","href":"txte51413d09.html","unavailable":true},"txted1019":{"name":"Om textformateringen försvinner","href":"txted1019.html","unavailable":true},"txted0b6cd61":{"name":"Arbeta med HTML-dokument","href":"txted0b6cd61.html","unavailable":true},"txte825e96e7":{"name":"Lyssna på dokument","href":"txte825e96e7.html","unavailable":true},"txted35481":{"name":"Använda vertikal text","href":"txted35481.html","unavailable":true},"txted11519":{"name":"Hoppa till platser i dokument","href":"txted11519.html","unavailable":true},"txted35741":{"name":"Visa formatkoder i formaterade textfiler","href":"txted35741.html","unavailable":true},"txted35753":{"name":"Slå på dataavkännare","href":"txted35753.html","unavailable":true},"txted1057":{"name":"Lägga till egenskaper i dokument","href":"txted1057.html","unavailable":true},"txted1063":{"name":"Ställa in nytt dokument, öppna och spara inställningar","href":"txted1063.html","unavailable":true},"txtec0fe94d2":{"name":"Infoga specialtecken","href":"txtec0fe94d2.html","unavailable":true},"txted1026":{"name":"Skydda dokument","href":"txted1026.html","unavailable":true},"txte15912956":{"name":"Använda stilar","href":"txte15912956.html","unavailable":true},"txtef6cfde1a":{"name":"Söka och ersätta text","href":"txtef6cfde1a.html","unavailable":true},"txte5d6611d0":{"name":"Lägga till bilder, filmer och filer","href":"txte5d6611d0.html","unavailable":true},"txte44f15043":{"name":"Lägga till sidhuvuden och sidfötter","href":"txte44f15043.html","unavailable":true},"txtee6663a0e":{"name":"Påbörja nya dokument","href":"txtee6663a0e.html","unavailable":true}},"copyright_text":"© 2014 Apple Inc. Alla rättigheter förbehålls.","css":""}