{"framework":"apd-framework-8.4.6","title":"Bantuan TextEdit","build_id":"53acb73b680ce25c21a1db20","icon":"..\/GlobalArt\/AppIconDefault_TextEdit.png","sections":{"txteff27d864":{"name":"Menggunakan alat penulisan","children":["txte86b1c1b9","txtef6cfde1a","txtef5d9dd70"]},"txte66378667":{"name":"Membuat dan membuka dokumen","children":["txtee6663a0e","txte51413d09","txte71fa0102","txted0b6cd61","txte825e96e7"]},"txtead825d1d":{"name":"Memformat dokumen","children":["txte313927e3","txte88fd8bcb","txte3ab65427","txte44f15043","txte5c41b552"]},"txte33f64074":{"name":"Mengedit dokumen","children":["txte58c1b39e","txte15912956","txte4120841e","txtec0fe94d2","txte5d6611d0","txte52183e41"]}},"birdseed_version":3,"toc":["txte036c41fb","txte66378667","txtead825d1d","txte33f64074","txteff27d864"],"locale":"id","version":"10.10","enable_tracking":false,"source_schema":"apd-schema","platform":"mac","design":"default","build_date":"2014.06.26-17:20:21","landing":"txted35466","product":"textedit","urls":{},"copyright":"","topics":{"txted1002":{"name":"Menggunakan superskrip atau subskrip","href":"txted1002.html","unavailable":true},"txte5c41b552":{"name":"Mengatur karakter dan spasi baris","href":"txte5c41b552.html","unavailable":true},"txte86b1c1b9":{"name":"Memeriksa ejaan dan tata bahasa","href":"txte86b1c1b9.html","unavailable":true},"txted35749":{"name":"Menambahkan warna","href":"txted35749.html","unavailable":true},"txte52183e41":{"name":"Menganotasi gambar dengan Penambahan ","href":"txte52183e41.html","unavailable":true},"txted1044":{"name":"Jika Anda tidak dapat melihat kode dalam file HTML","href":"txted1044.html","unavailable":true},"txtef5d9dd70":{"name":"Melengkapi kata yang dimasukkan sebagian","href":"txtef5d9dd70.html","unavailable":true},"txted35754":{"name":"Memberikan spasi dengan benar pada teks yang ditempel secara otomatis","href":"txted35754.html","unavailable":true},"txted1065":{"name":"Mengubah cara file HTML disimpan","href":"txted1065.html","unavailable":true},"txted1028":{"name":"Jika karakter tidak ditampilkan dengan benar","href":"txted1028.html","unavailable":true},"txte88fd8bcb":{"name":"Menyisipkan ganti baris, paragraf, dan halaman","href":"txte88fd8bcb.html","unavailable":true},"txte58c1b39e":{"name":"Mengubah tampilan teks","href":"txte58c1b39e.html","unavailable":true},"txte4120841e":{"name":"Menambahkan tabel dan daftar","href":"txte4120841e.html","unavailable":true},"txted1059":{"name":"Membuat file PDF","href":"txted1059.html","unavailable":true},"txte313927e3":{"name":"Menyesuaikan margin dan paragraf","href":"txte313927e3.html","unavailable":true},"txte71fa0102":{"name":"Menyimpan dokumen","href":"txte71fa0102.html","unavailable":true},"txted1018":{"name":"Mengatur penghentian tab dan lekuk dalam paragraf","href":"txted1018.html","unavailable":true},"txted35466":{"name":"Bantuan TextEdit","href":"txted35466.html","categories":["landing"]},"txted35745":{"name":"Menambah tautan yang dapat diklik secara otomatis","href":"txted35745.html","unavailable":true},"txte036c41fb":{"name":"Tinjauan TextEdit","href":"txte036c41fb.html","unavailable":true},"txte3ab65427":{"name":"Mengubah cara pembungkusan teks","href":"txte3ab65427.html","unavailable":true},"txte51413d09":{"name":"Membuka dokumen","href":"txte51413d09.html","unavailable":true},"txted1019":{"name":"Jika pemformatan teks hilang","href":"txted1019.html","unavailable":true},"txted0b6cd61":{"name":"Bekerja dengan dokumen HTML","href":"txted0b6cd61.html","unavailable":true},"txte825e96e7":{"name":"Mendengarkan dokumen","href":"txte825e96e7.html","unavailable":true},"txted35481":{"name":"Menggunakan teks vertikal","href":"txted35481.html","unavailable":true},"txted11519":{"name":"Melompat ke lokasi dalam dokumen","href":"txted11519.html","unavailable":true},"txted35741":{"name":"Melihat direktif RTF dalam file RTF","href":"txted35741.html","unavailable":true},"txted35753":{"name":"Menyalakan detektor data","href":"txted35753.html","unavailable":true},"txted1057":{"name":"Menambahkan properti ke dokumen","href":"txted1057.html","unavailable":true},"txted1063":{"name":"Mengatur dokumen baru, membuka, dan menyimpan preferensi","href":"txted1063.html","unavailable":true},"txtec0fe94d2":{"name":"Menyisipkan karakter khusus","href":"txtec0fe94d2.html","unavailable":true},"txted1026":{"name":"Melindungi dokumen","href":"txted1026.html","unavailable":true},"txte15912956":{"name":"Menggunakan gaya","href":"txte15912956.html","unavailable":true},"txtef6cfde1a":{"name":"Menemukan dan mengganti teks","href":"txtef6cfde1a.html","unavailable":true},"txte5d6611d0":{"name":"Menambahkan foto, film, dan file","href":"txte5d6611d0.html","unavailable":true},"txte44f15043":{"name":"Menambahkan header dan footer","href":"txte44f15043.html","unavailable":true},"txtee6663a0e":{"name":"Memulai dokumen baru","href":"txtee6663a0e.html","unavailable":true}},"copyright_text":"© 2014 Apple Inc. Semua hak cipta dilindungi undang-undang.","css":""}