{"framework":"apd-framework-8.4.6","title":"Pomocník pre TextEdit","build_id":"53acb72c680ce25c21a1da48","icon":"..\/GlobalArt\/AppIconDefault_TextEdit.png","sections":{"txteff27d864":{"name":"Používanie nástrojov na písanie","children":["txte86b1c1b9","txtef6cfde1a","txtef5d9dd70"]},"txte66378667":{"name":"Vytváranie a otváranie dokumentov","children":["txtee6663a0e","txte51413d09","txte71fa0102","txted0b6cd61","txte825e96e7"]},"txtead825d1d":{"name":"Formátovanie dokumentov","children":["txte313927e3","txte88fd8bcb","txte3ab65427","txte44f15043","txte5c41b552"]},"txte33f64074":{"name":"Úprava dokumentov","children":["txte58c1b39e","txte15912956","txte4120841e","txtec0fe94d2","txte5d6611d0","txte52183e41"]}},"birdseed_version":3,"toc":["txte036c41fb","txte66378667","txtead825d1d","txte33f64074","txteff27d864"],"locale":"sk","version":"10.10","enable_tracking":false,"source_schema":"apd-schema","platform":"mac","design":"default","build_date":"2014.06.26-17:17:37","landing":"txted35466","product":"textedit","urls":{},"copyright":"","topics":{"txted1002":{"name":"Používanie horného a dolného indexu","href":"txted1002.html","unavailable":true},"txte5c41b552":{"name":"Nastavenie rozostupov medzi znakmi a riadkami","href":"txte5c41b552.html","unavailable":true},"txte86b1c1b9":{"name":"Kontrola pravopisu a gramatiky","href":"txte86b1c1b9.html","unavailable":true},"txted35749":{"name":"Pridanie farby","href":"txted35749.html","unavailable":true},"txte52183e41":{"name":"Komentovanie obrázkov pomocou značiek","href":"txte52183e41.html","unavailable":true},"txted1044":{"name":"Ak sa nezobrazuje kód v HTML súbore","href":"txted1044.html","unavailable":true},"txtef5d9dd70":{"name":"Doplňovanie čiastočne zadaných slov","href":"txtef5d9dd70.html","unavailable":true},"txted35754":{"name":"Automatické zachovanie správnych rozostupov pri kopírovaní textu","href":"txted35754.html","unavailable":true},"txted1065":{"name":"Zmena spôsobu uloženia súborov vo formáte HTML","href":"txted1065.html","unavailable":true},"txted1028":{"name":"Ak sa znaky nezobrazujú správne","href":"txted1028.html","unavailable":true},"txte88fd8bcb":{"name":"Vloženie zlomu riadkov, odsekov a stránok","href":"txte88fd8bcb.html","unavailable":true},"txte58c1b39e":{"name":"Zmena vzhľadu textu","href":"txte58c1b39e.html","unavailable":true},"txte4120841e":{"name":"Pridávanie tabuliek a zoznamov","href":"txte4120841e.html","unavailable":true},"txted1059":{"name":"Vytváranie PDF súborov","href":"txted1059.html","unavailable":true},"txte313927e3":{"name":"Úprava okrajov a odsekov","href":"txte313927e3.html","unavailable":true},"txte71fa0102":{"name":"Ukladanie dokumentov","href":"txte71fa0102.html","unavailable":true},"txted1018":{"name":"Nastavenie zarážok a odsekov","href":"txted1018.html","unavailable":true},"txted35466":{"name":"Pomocník pre TextEdit","href":"txted35466.html","categories":["landing"]},"txted35745":{"name":"Automatické pridávanie klikateľných odkazov","href":"txted35745.html","unavailable":true},"txte036c41fb":{"name":"Prehľad aplikácie TextEdit","href":"txte036c41fb.html","unavailable":true},"txte3ab65427":{"name":"Zmena zalamovania textu","href":"txte3ab65427.html","unavailable":true},"txte51413d09":{"name":"Otváranie dokumentov","href":"txte51413d09.html","unavailable":true},"txted1019":{"name":"Ak zmizne formátovanie textu","href":"txted1019.html","unavailable":true},"txted0b6cd61":{"name":"Práca s dokumentmi HTML","href":"txted0b6cd61.html","unavailable":true},"txte825e96e7":{"name":"Vypočutie dokumentov","href":"txte825e96e7.html","unavailable":true},"txted35481":{"name":"Používanie vertikálneho textu","href":"txted35481.html","unavailable":true},"txted11519":{"name":"Prechod na miesto v dokumente","href":"txted11519.html","unavailable":true},"txted35741":{"name":"Zobrazenie RTF direktív v RTF súbore","href":"txted35741.html","unavailable":true},"txted35753":{"name":"Zapnutie detektorov dát","href":"txted35753.html","unavailable":true},"txted1057":{"name":"Pridanie vlastností do dokumentov","href":"txted1057.html","unavailable":true},"txted1063":{"name":"Úprava nastavení nového dokumentu, otvárania a ukladania","href":"txted1063.html","unavailable":true},"txtec0fe94d2":{"name":"Vloženie špeciálnych znakov","href":"txtec0fe94d2.html","unavailable":true},"txted1026":{"name":"Ochrana dokumentov","href":"txted1026.html","unavailable":true},"txte15912956":{"name":"Používanie štýlov","href":"txte15912956.html","unavailable":true},"txtef6cfde1a":{"name":"Vyhľadanie a nahradenie textu","href":"txtef6cfde1a.html","unavailable":true},"txte5d6611d0":{"name":"Pridávanie fotiek, filmov a súborov","href":"txte5d6611d0.html","unavailable":true},"txte44f15043":{"name":"Pridanie hlavičky a päty","href":"txte44f15043.html","unavailable":true},"txtee6663a0e":{"name":"Vytváranie nových dokumentov","href":"txtee6663a0e.html","unavailable":true}},"copyright_text":"© 2014 Apple Inc. Všetky práva vyhradené.","css":""}