{"framework":"apd-framework-8.4.6","title":"‏עזרה בנושא TextEdit","build_id":"53acb72a680ce25c21a1da24","icon":"..\/GlobalArt\/AppIconDefault_TextEdit.png","sections":{"txteff27d864":{"name":"שימוש בכלי כתיבה","children":["txte86b1c1b9","txtef6cfde1a","txtef5d9dd70"]},"txte66378667":{"name":"יצירה ופתיחה של מסמכים","children":["txtee6663a0e","txte51413d09","txte71fa0102","txted0b6cd61","txte825e96e7"]},"txtead825d1d":{"name":"עיצוב מסמכים","children":["txte313927e3","txte88fd8bcb","txte3ab65427","txte44f15043","txte5c41b552"]},"txte33f64074":{"name":"עריכת מסמכים","children":["txte58c1b39e","txte15912956","txte4120841e","txtec0fe94d2","txte5d6611d0","txte52183e41"]}},"birdseed_version":3,"toc":["txte036c41fb","txte66378667","txtead825d1d","txte33f64074","txteff27d864"],"locale":"he","version":"10.10","enable_tracking":false,"source_schema":"apd-schema","platform":"mac","design":"default","build_date":"2014.06.26-17:17:01","landing":"txted35466","product":"textedit","urls":{},"copyright":"","topics":{"txted1002":{"name":"שימוש בכתב עילי או כתב תחתי","href":"txted1002.html","unavailable":true},"txte5c41b552":{"name":"הגדרת מרווח בין תווים ושורות","href":"txte5c41b552.html","unavailable":true},"txte86b1c1b9":{"name":"בדיקת איות ודקדוק","href":"txte86b1c1b9.html","unavailable":true},"txted35749":{"name":"הוספת צבעים","href":"txted35749.html","unavailable":true},"txte52183e41":{"name":"הוספת ביאורים לתמונות באמצעות סימון","href":"txte52183e41.html","unavailable":true},"txted1044":{"name":"אם אינך מצליח\/ה להציג קוד בקובץ HTML","href":"txted1044.html","unavailable":true},"txtef5d9dd70":{"name":"השלמת מילים שהוקשו חלקית","href":"txtef5d9dd70.html","unavailable":true},"txted35754":{"name":"שמירה אוטומטית על רווחים של מלל מודבק","href":"txted35754.html","unavailable":true},"txted1065":{"name":"שינוי אופן השמירה של קבצי HTML","href":"txted1065.html","unavailable":true},"txted1028":{"name":"אם תווים אינם מוצגים בצורה תקינה","href":"txted1028.html","unavailable":true},"txte88fd8bcb":{"name":"הוספת מעברי שורה, פיסקה ועמוד","href":"txte88fd8bcb.html","unavailable":true},"txte58c1b39e":{"name":"שינוי מראה של מלל","href":"txte58c1b39e.html","unavailable":true},"txte4120841e":{"name":"הוספת טבלאות ורשימות","href":"txte4120841e.html","unavailable":true},"txted1059":{"name":"יצירת קובצי PDF","href":"txted1059.html","unavailable":true},"txte313927e3":{"name":"התאמת שוליים ופיסקאות","href":"txte313927e3.html","unavailable":true},"txte71fa0102":{"name":"שמירת מסמכים","href":"txte71fa0102.html","unavailable":true},"txted1018":{"name":"הגדרת עצירות טאב והזחות פיסקה","href":"txted1018.html","unavailable":true},"txted35466":{"name":"‏עזרה בנושא TextEdit","href":"txted35466.html","categories":["landing"]},"txted35745":{"name":"הוספת קישורים ניתנים ללחיצה באופן אוטומטי","href":"txted35745.html","unavailable":true},"txte036c41fb":{"name":"סקירת TextEdit","href":"txte036c41fb.html","unavailable":true},"txte3ab65427":{"name":"שינוי אופן הגלישה של מלל","href":"txte3ab65427.html","unavailable":true},"txte51413d09":{"name":"פתיחת מסמכים","href":"txte51413d09.html","unavailable":true},"txted1019":{"name":"אם עיצוב המלל שלך נעלם","href":"txted1019.html","unavailable":true},"txted0b6cd61":{"name":"עבודה עם מסמכי HTML","href":"txted0b6cd61.html","unavailable":true},"txte825e96e7":{"name":"האזנה למסמכים","href":"txte825e96e7.html","unavailable":true},"txted35481":{"name":"שימוש במלל אנכי","href":"txted35481.html","unavailable":true},"txted11519":{"name":"קפיצה למיקומים שונים במסמכים","href":"txted11519.html","unavailable":true},"txted35741":{"name":"הצגת פקודות RTF בקובצי RTF","href":"txted35741.html","unavailable":true},"txted35753":{"name":"הפעלת מזהי נתונים","href":"txted35753.html","unavailable":true},"txted1057":{"name":"הוספת מאפיינים למסמכים","href":"txted1057.html","unavailable":true},"txted1063":{"name":"קביעת העדפות מסמך חדש, פתיחה ושמירה","href":"txted1063.html","unavailable":true},"txtec0fe94d2":{"name":"הוספת תווים מיוחדים","href":"txtec0fe94d2.html","unavailable":true},"txted1026":{"name":"הגנה על מסמכים","href":"txted1026.html","unavailable":true},"txte15912956":{"name":"שימוש בסגנונות","href":"txte15912956.html","unavailable":true},"txtef6cfde1a":{"name":"חיפוש והחלפה של מלל","href":"txtef6cfde1a.html","unavailable":true},"txte5d6611d0":{"name":"הוספת תמונות, סרטים וקבצים","href":"txte5d6611d0.html","unavailable":true},"txte44f15043":{"name":"הוספת כותרות עליונות ותחתונות","href":"txte44f15043.html","unavailable":true},"txtee6663a0e":{"name":"יצירת מסמכים חדשים","href":"txtee6663a0e.html","unavailable":true}},"copyright_text":"© 2014 Apple בע״מ. כל הזכויות שמורות.","css":""}