{"framework":"apd-framework-8.4.6","title":"TextEdit Help","build_id":"539134cf680ce21a11080349","icon":"..\/GlobalArt\/AppIconDefault_TextEdit.png","sections":{"txteff27d864":{"name":"Use writing tools","children":["txte86b1c1b9","txtef6cfde1a","txtef5d9dd70"]},"txte66378667":{"name":"Create and open documents","children":["txtee6663a0e","txte51413d09","txte71fa0102","txted0b6cd61","txte825e96e7"]},"txtead825d1d":{"name":"Format documents","children":["txte313927e3","txte88fd8bcb","txte3ab65427","txte44f15043","txte5c41b552"]},"txte33f64074":{"name":"Edit documents","children":["txte58c1b39e","txte15912956","txte4120841e","txtec0fe94d2","txte5d6611d0","txte52183e41"]}},"birdseed_version":3,"toc":["txte036c41fb","txte66378667","txtead825d1d","txte33f64074","txteff27d864"],"locale":"en","version":"10.10","enable_tracking":false,"source_schema":"apd-schema","collect_feedback":true,"platform":"mac","design":"default","build_date":"2014.06.05-20:27:06","landing":"txted35466","product":"textedit","urls":{},"copyright":"","topics":{"txted1002":{"name":"Use superscripts or subscripts","href":"txted1002.html","unavailable":true},"txte5c41b552":{"name":"Set character and line spacing","href":"txte5c41b552.html","unavailable":true},"txte86b1c1b9":{"name":"Check spelling and grammar","href":"txte86b1c1b9.html","unavailable":true},"txted35749":{"name":"Add color","href":"txted35749.html","unavailable":true},"txte52183e41":{"name":"Annotate images with Markup","href":"txte52183e41.html","unavailable":true},"txted1044":{"name":"If you can’t view code in an HTML file","href":"txted1044.html","unavailable":true},"txtef5d9dd70":{"name":"Complete partially entered words","href":"txtef5d9dd70.html","unavailable":true},"txted35754":{"name":"Properly space pasted text automatically","href":"txted35754.html","unavailable":true},"txted1065":{"name":"Change how HTML files are saved","href":"txted1065.html","unavailable":true},"txted1028":{"name":"If characters aren’t displayed correctly","href":"txted1028.html","unavailable":true},"txte88fd8bcb":{"name":"Insert line, paragraph, and page breaks","href":"txte88fd8bcb.html","unavailable":true},"txte58c1b39e":{"name":"Change the look of text","href":"txte58c1b39e.html","unavailable":true},"txte4120841e":{"name":"Add tables and lists","href":"txte4120841e.html","unavailable":true},"txted1059":{"name":"Create PDF files","href":"txted1059.html","unavailable":true},"txte313927e3":{"name":"Adjust margins and paragraphs","href":"txte313927e3.html","unavailable":true},"txte71fa0102":{"name":"Save documents","href":"txte71fa0102.html","unavailable":true},"txted1018":{"name":"Set tab stops and paragraph indents","href":"txted1018.html","unavailable":true},"txted35466":{"name":"TextEdit Help","href":"txted35466.html","categories":["landing"]},"txted35745":{"name":"Add clickable links automatically","href":"txted35745.html","unavailable":true},"txte036c41fb":{"name":"TextEdit overview","href":"txte036c41fb.html","unavailable":true},"txte3ab65427":{"name":"Change how text wraps","href":"txte3ab65427.html","unavailable":true},"txte51413d09":{"name":"Open documents","href":"txte51413d09.html","unavailable":true},"txted1019":{"name":"If text formatting disappears","href":"txted1019.html","unavailable":true},"txted0b6cd61":{"name":"Work with HTML documents","href":"txted0b6cd61.html","unavailable":true},"txte825e96e7":{"name":"Listen to documents","href":"txte825e96e7.html","unavailable":true},"txted35481":{"name":"Use vertical text","href":"txted35481.html","unavailable":true},"txted11519":{"name":"Jump to locations in documents","href":"txted11519.html","unavailable":true},"txted35741":{"name":"View the RTF directives in RTF files","href":"txted35741.html","unavailable":true},"txted35753":{"name":"Turn on data detectors","href":"txted35753.html","unavailable":true},"txted1057":{"name":"Add properties to documents","href":"txted1057.html","unavailable":true},"txted1063":{"name":"Set new document, open, and save preferences","href":"txted1063.html","unavailable":true},"txtec0fe94d2":{"name":"Insert special characters","href":"txtec0fe94d2.html","unavailable":true},"txted1026":{"name":"Protect documents","href":"txted1026.html","unavailable":true},"txte15912956":{"name":"Use styles","href":"txte15912956.html","unavailable":true},"txtef6cfde1a":{"name":"Find and replace text","href":"txtef6cfde1a.html","unavailable":true},"txte5d6611d0":{"name":"Add photos, movies, and files","href":"txte5d6611d0.html","unavailable":true},"txte44f15043":{"name":"Add headers and footers","href":"txte44f15043.html","unavailable":true},"txtee6663a0e":{"name":"Start new documents","href":"txtee6663a0e.html","unavailable":true}},"copyright_text":"© 2014 Apple Inc. All rights reserved.","css":""}