{"framework":"apd-framework-8.4.6","title":"Βοήθεια για το TextEdit","build_id":"53acb72f680ce25c21a1da75","icon":"..\/GlobalArt\/AppIconDefault_TextEdit.png","sections":{"txteff27d864":{"name":"Χρήση εργαλείων γραφής","children":["txte86b1c1b9","txtef6cfde1a","txtef5d9dd70"]},"txte66378667":{"name":"Δημιουργία και άνοιγμα εγγράφων","children":["txtee6663a0e","txte51413d09","txte71fa0102","txted0b6cd61","txte825e96e7"]},"txtead825d1d":{"name":"Μορφοποίηση εγγράφων","children":["txte313927e3","txte88fd8bcb","txte3ab65427","txte44f15043","txte5c41b552"]},"txte33f64074":{"name":"Επεξεργασία εγγράφων","children":["txte58c1b39e","txte15912956","txte4120841e","txtec0fe94d2","txte5d6611d0","txte52183e41"]}},"birdseed_version":3,"toc":["txte036c41fb","txte66378667","txtead825d1d","txte33f64074","txteff27d864"],"locale":"el","version":"10.10","enable_tracking":false,"source_schema":"apd-schema","platform":"mac","design":"default","build_date":"2014.06.26-17:18:13","landing":"txted35466","product":"textedit","urls":{},"copyright":"","topics":{"txted1002":{"name":"Χρήση εκθετών και δεικτών","href":"txted1002.html","unavailable":true},"txte5c41b552":{"name":"Καθορισμός διάστιχου χαρακτήρων και γραμμών","href":"txte5c41b552.html","unavailable":true},"txte86b1c1b9":{"name":"Έλεγχος ορθογραφίας και γραμματικής","href":"txte86b1c1b9.html","unavailable":true},"txted35749":{"name":"Προσθήκη χρώματος","href":"txted35749.html","unavailable":true},"txte52183e41":{"name":"Προσθήκη σχολιασμού σε εικόνες με σήμανση","href":"txte52183e41.html","unavailable":true},"txted1044":{"name":"Αν δεν είναι δυνατή η προβολή κώδικα σε αρχείο HTML","href":"txted1044.html","unavailable":true},"txtef5d9dd70":{"name":"Συμπλήρωση λέξεων που έχετε εισάγει μερικώς","href":"txtef5d9dd70.html","unavailable":true},"txted35754":{"name":"Αυτόματη ρύθμιση διάστιχου σε επικολλημένο κείμενο","href":"txted35754.html","unavailable":true},"txted1065":{"name":"Αλλαγή του τρόπου αποθήκευσης αρχείων HTML","href":"txted1065.html","unavailable":true},"txted1028":{"name":"Αν οι χαρακτήρες δεν εμφανίζονται σωστά","href":"txted1028.html","unavailable":true},"txte88fd8bcb":{"name":"Εισαγωγή αλλαγών γραμμής, παραγράφου και σελίδας","href":"txte88fd8bcb.html","unavailable":true},"txte58c1b39e":{"name":"Αλλαγή της εμφάνισης κειμένου","href":"txte58c1b39e.html","unavailable":true},"txte4120841e":{"name":"Προσθήκη πινάκων και λιστών","href":"txte4120841e.html","unavailable":true},"txted1059":{"name":"Δημιουργία αρχείων PDF","href":"txted1059.html","unavailable":true},"txte313927e3":{"name":"Προσαρμογή περιθωρίων και παραγράφων","href":"txte313927e3.html","unavailable":true},"txte71fa0102":{"name":"Αποθήκευση εγγράφων","href":"txte71fa0102.html","unavailable":true},"txted1018":{"name":"Καθορισμός στηλοθετών και εσοχών παραγράφων","href":"txted1018.html","unavailable":true},"txted35466":{"name":"Βοήθεια για το TextEdit","href":"txted35466.html","categories":["landing"]},"txted35745":{"name":"Αυτόματη προσθήκη συνδέσμων με δυνατότητα κλικ","href":"txted35745.html","unavailable":true},"txte036c41fb":{"name":"Επισκόπηση TextEdit","href":"txte036c41fb.html","unavailable":true},"txte3ab65427":{"name":"Αλλαγή του τρόπου αναδίπλωσης του κειμένου","href":"txte3ab65427.html","unavailable":true},"txte51413d09":{"name":"Άνοιγμα εγγράφων","href":"txte51413d09.html","unavailable":true},"txted1019":{"name":"Αν εξαφανιστεί η μορφοποίηση κειμένου","href":"txted1019.html","unavailable":true},"txted0b6cd61":{"name":"Εργασία με έγγραφα HTML","href":"txted0b6cd61.html","unavailable":true},"txte825e96e7":{"name":"Ακρόαση εγγράφων","href":"txte825e96e7.html","unavailable":true},"txted35481":{"name":"Χρήση κάθετου κειμένου","href":"txted35481.html","unavailable":true},"txted11519":{"name":"Μεταπήδηση σε θέσεις σε έγγραφα","href":"txted11519.html","unavailable":true},"txted35741":{"name":"Προβολή των οδηγιών RTF σε αρχεία RTF","href":"txted35741.html","unavailable":true},"txted35753":{"name":"Ενεργοποίηση της ανίχνευσης δεδομένων","href":"txted35753.html","unavailable":true},"txted1057":{"name":"Προσθήκη ιδιοτήτων σε έγγραφα","href":"txted1057.html","unavailable":true},"txted1063":{"name":"Καθορισμός προτιμήσεων νέου εγγράφου, ανοίγματος και αποθήκευσης","href":"txted1063.html","unavailable":true},"txtec0fe94d2":{"name":"Εισαγωγή ειδικών χαρακτήρων","href":"txtec0fe94d2.html","unavailable":true},"txted1026":{"name":"Προστασία εγγράφων","href":"txted1026.html","unavailable":true},"txte15912956":{"name":"Χρήση στιλ","href":"txte15912956.html","unavailable":true},"txtef6cfde1a":{"name":"Εύρεση και αντικατάσταση κειμένου","href":"txtef6cfde1a.html","unavailable":true},"txte5d6611d0":{"name":"Προσθήκη φωτογραφιών, ταινιών και αρχείων","href":"txte5d6611d0.html","unavailable":true},"txte44f15043":{"name":"Προσθήκη κεφαλίδων και υποσέλιδων","href":"txte44f15043.html","unavailable":true},"txtee6663a0e":{"name":"Έναρξη νέων εγγράφων","href":"txtee6663a0e.html","unavailable":true}},"copyright_text":"© 2014 Apple Inc. Με επιφύλαξη κάθε δικαιώματος.","css":""}