{"framework":"apd-framework-8.4.6","title":"TextEdit Yardım","build_id":"53acb73b680ce25c21a1db29","icon":"..\/GlobalArt\/AppIconDefault_TextEdit.png","sections":{"txteff27d864":{"name":"Yazma araçlarını kullanma","children":["txte86b1c1b9","txtef6cfde1a","txtef5d9dd70"]},"txte66378667":{"name":"Belgeleri yaratma ve açma","children":["txtee6663a0e","txte51413d09","txte71fa0102","txted0b6cd61","txte825e96e7"]},"txtead825d1d":{"name":"Belgeleri biçimleme","children":["txte313927e3","txte88fd8bcb","txte3ab65427","txte44f15043","txte5c41b552"]},"txte33f64074":{"name":"Belgeleri düzenleme","children":["txte58c1b39e","txte15912956","txte4120841e","txtec0fe94d2","txte5d6611d0","txte52183e41"]}},"birdseed_version":3,"toc":["txte036c41fb","txte66378667","txtead825d1d","txte33f64074","txteff27d864"],"locale":"tr","version":"10.10","enable_tracking":false,"source_schema":"apd-schema","platform":"mac","design":"default","build_date":"2014.06.26-17:20:33","landing":"txted35466","product":"textedit","urls":{},"copyright":"","topics":{"txted1002":{"name":"Üsleri ve indisleri kullanma","href":"txted1002.html","unavailable":true},"txte5c41b552":{"name":"Karakter ve satır aralığını ayarlama","href":"txte5c41b552.html","unavailable":true},"txte86b1c1b9":{"name":"Yazım ve dilbilgisi denetimi yapma","href":"txte86b1c1b9.html","unavailable":true},"txted35749":{"name":"Renk ekleme","href":"txted35749.html","unavailable":true},"txte52183e41":{"name":"Markup ile resimlere not ekleme","href":"txte52183e41.html","unavailable":true},"txted1044":{"name":"HTML dosyasındaki kodu görüntüleyemiyorsanız","href":"txted1044.html","unavailable":true},"txtef5d9dd70":{"name":"Kısmen girilmiş sözcükleri tamamlama","href":"txtef5d9dd70.html","unavailable":true},"txted35754":{"name":"Yapıştırılan metnin aralığını otomatik olarak uygun şekilde ayarlama","href":"txted35754.html","unavailable":true},"txted1065":{"name":"HTML dosyalarının kaydedilme biçimini değiştirme","href":"txted1065.html","unavailable":true},"txted1028":{"name":"Karakterler doğru görüntülenmiyorsa","href":"txted1028.html","unavailable":true},"txte88fd8bcb":{"name":"Satır, paragraf ve sayfa sonu ekleme","href":"txte88fd8bcb.html","unavailable":true},"txte58c1b39e":{"name":"Metin görünümünü değiştirme","href":"txte58c1b39e.html","unavailable":true},"txte4120841e":{"name":"Tablolar ve listeler ekleme","href":"txte4120841e.html","unavailable":true},"txted1059":{"name":"PDF dosyaları yaratma","href":"txted1059.html","unavailable":true},"txte313927e3":{"name":"Marjları ve paragrafları ayarlama","href":"txte313927e3.html","unavailable":true},"txte71fa0102":{"name":"Belgeleri kaydetme","href":"txte71fa0102.html","unavailable":true},"txted1018":{"name":"Sekme duraklarını ve paragraf girintilerini ayarlama","href":"txted1018.html","unavailable":true},"txted35466":{"name":"TextEdit Yardım","href":"txted35466.html","categories":["landing"]},"txted35745":{"name":"Tıklanabilir bağlantıları otomatik olarak ekleme","href":"txted35745.html","unavailable":true},"txte036c41fb":{"name":"TextEdit hakkında genel bilgi","href":"txte036c41fb.html","unavailable":true},"txte3ab65427":{"name":"Metni pencereye yerleştirme biçimini değiştirme","href":"txte3ab65427.html","unavailable":true},"txte51413d09":{"name":"Belgeleri açma","href":"txte51413d09.html","unavailable":true},"txted1019":{"name":"Metin biçimlemesi kaybolursa","href":"txted1019.html","unavailable":true},"txted0b6cd61":{"name":"HTML belgeleriyle çalışma","href":"txted0b6cd61.html","unavailable":true},"txte825e96e7":{"name":"Belgeleri dinleme","href":"txte825e96e7.html","unavailable":true},"txted35481":{"name":"Düşey metin kullanma","href":"txted35481.html","unavailable":true},"txted11519":{"name":"Belgelerdeki yerlere atlama","href":"txted11519.html","unavailable":true},"txted35741":{"name":"RTF dosyalarındaki RTF komutlarını görüntüleme","href":"txted35741.html","unavailable":true},"txted35753":{"name":"Veri algılayıcıları etkinleştirme","href":"txted35753.html","unavailable":true},"txted1057":{"name":"Belgelere özellik ekleme","href":"txted1057.html","unavailable":true},"txted1063":{"name":"Yeni belge tercihleri ayarlama, açma ve kaydetme","href":"txted1063.html","unavailable":true},"txtec0fe94d2":{"name":"Özel karakterler ekleme","href":"txtec0fe94d2.html","unavailable":true},"txted1026":{"name":"Belgeleri koruma","href":"txted1026.html","unavailable":true},"txte15912956":{"name":"Stilleri kullanma","href":"txte15912956.html","unavailable":true},"txtef6cfde1a":{"name":"Metin bulma ve değiştirme","href":"txtef6cfde1a.html","unavailable":true},"txte5d6611d0":{"name":"Fotoğraflar, filmler ve dosyalar ekleme","href":"txte5d6611d0.html","unavailable":true},"txte44f15043":{"name":"Başlıklar ve altlıklar ekleme","href":"txte44f15043.html","unavailable":true},"txtee6663a0e":{"name":"Yeni belge başlatma","href":"txtee6663a0e.html","unavailable":true}},"copyright_text":"© 2014 Apple Inc. Tüm hakları saklıdır.","css":""}