{"framework":"apd-framework-8.4.6","title":"テキストエディットヘルプ","build_id":"53acb73d680ce25c21a1db44","icon":"..\/GlobalArt\/AppIconDefault_TextEdit.png","sections":{"txteff27d864":{"name":"ライティングツールを使用する","children":["txte86b1c1b9","txtef6cfde1a","txtef5d9dd70"]},"txte66378667":{"name":"書類を作成する／開く","children":["txtee6663a0e","txte51413d09","txte71fa0102","txted0b6cd61","txte825e96e7"]},"txtead825d1d":{"name":"書類に書式を設定する","children":["txte313927e3","txte88fd8bcb","txte3ab65427","txte44f15043","txte5c41b552"]},"txte33f64074":{"name":"書類を編集する","children":["txte58c1b39e","txte15912956","txte4120841e","txtec0fe94d2","txte5d6611d0","txte52183e41"]}},"birdseed_version":3,"toc":["txte036c41fb","txte66378667","txtead825d1d","txte33f64074","txteff27d864"],"locale":"ja","version":"10.10","enable_tracking":false,"source_schema":"apd-schema","platform":"mac","design":"default","build_date":"2014.06.26-17:20:51","landing":"txted35466","product":"textedit","urls":{},"copyright":"","topics":{"txted1002":{"name":"上付き文字または下付き文字を使用する","href":"txted1002.html","unavailable":true},"txte5c41b552":{"name":"文字および行の間隔を設定する","href":"txte5c41b552.html","unavailable":true},"txte86b1c1b9":{"name":"スペルと文法をチェックする","href":"txte86b1c1b9.html","unavailable":true},"txted35749":{"name":"色を追加する","href":"txted35749.html","unavailable":true},"txte52183e41":{"name":"マークアップを使ってイメージに注釈を付ける","href":"txte52183e41.html","unavailable":true},"txted1044":{"name":"HTML ファイルのコードを表示できない場合","href":"txted1044.html","unavailable":true},"txtef5d9dd70":{"name":"一部を入力した単語を完成させる","href":"txtef5d9dd70.html","unavailable":true},"txted35754":{"name":"ペーストされたテキストに自動的に適切な間隔を設定する","href":"txted35754.html","unavailable":true},"txted1065":{"name":"HTML ファイルの保存方法を変更する","href":"txted1065.html","unavailable":true},"txted1028":{"name":"文字が正しく表示されないとき","href":"txted1028.html","unavailable":true},"txte88fd8bcb":{"name":"改行、段落区切り、および改ページを挿入する","href":"txte88fd8bcb.html","unavailable":true},"txte58c1b39e":{"name":"テキストの外観を変更する","href":"txte58c1b39e.html","unavailable":true},"txte4120841e":{"name":"表やリストを追加する","href":"txte4120841e.html","unavailable":true},"txted1059":{"name":"PDF ファイルを作成する","href":"txted1059.html","unavailable":true},"txte313927e3":{"name":"余白および段落を調整する","href":"txte313927e3.html","unavailable":true},"txte71fa0102":{"name":"書類を保存する","href":"txte71fa0102.html","unavailable":true},"txted1018":{"name":"タブと段落インデントを設定する","href":"txted1018.html","unavailable":true},"txted35466":{"name":"テキストエディットヘルプ","href":"txted35466.html","categories":["landing"]},"txted35745":{"name":"クリッカブルリンクを自動的に追加する","href":"txted35745.html","unavailable":true},"txte036c41fb":{"name":"テキストエディットの概要","href":"txte036c41fb.html","unavailable":true},"txte3ab65427":{"name":"テキストを折り返す方法を変更する","href":"txte3ab65427.html","unavailable":true},"txte51413d09":{"name":"書類を開く","href":"txte51413d09.html","unavailable":true},"txted1019":{"name":"テキストの書式設定が消えてしまうとき","href":"txted1019.html","unavailable":true},"txted0b6cd61":{"name":"HTML 書類を扱う","href":"txted0b6cd61.html","unavailable":true},"txte825e96e7":{"name":"書類の読み上げを聞く","href":"txte825e96e7.html","unavailable":true},"txted35481":{"name":"縦書きを使用する","href":"txted35481.html","unavailable":true},"txted11519":{"name":"書類の特定の場所にジャンプする","href":"txted11519.html","unavailable":true},"txted35741":{"name":"RTF ファイルに RTF ディレクティブを表示する","href":"txted35741.html","unavailable":true},"txted35753":{"name":"データ検出を入にする","href":"txted35753.html","unavailable":true},"txted1057":{"name":"書類にプロパティを追加する","href":"txted1057.html","unavailable":true},"txted1063":{"name":"新規書類、開く、保存の環境設定を設定する","href":"txted1063.html","unavailable":true},"txtec0fe94d2":{"name":"特殊文字を挿入する","href":"txtec0fe94d2.html","unavailable":true},"txted1026":{"name":"書類を保護する","href":"txted1026.html","unavailable":true},"txte15912956":{"name":"スタイルを使う","href":"txte15912956.html","unavailable":true},"txtef6cfde1a":{"name":"テキストの検索と置換","href":"txtef6cfde1a.html","unavailable":true},"txte5d6611d0":{"name":"写真、ムービー、およびファイルを追加する","href":"txte5d6611d0.html","unavailable":true},"txte44f15043":{"name":"ヘッダとフッタを追加する","href":"txte44f15043.html","unavailable":true},"txtee6663a0e":{"name":"新規書類を開始する","href":"txtee6663a0e.html","unavailable":true}},"copyright_text":"© 2014 Apple Inc. All rights reserved.","css":""}