{"framework":"apd-framework-8.4.6","title":"Aide TextEdit","build_id":"53acb730680ce25c21a1da87","icon":"..\/GlobalArt\/AppIconDefault_TextEdit.png","sections":{"txteff27d864":{"name":"Utiliser les outils d’écriture","children":["txte86b1c1b9","txtef6cfde1a","txtef5d9dd70"]},"txte66378667":{"name":"Créer et ouvrir des documents","children":["txtee6663a0e","txte51413d09","txte71fa0102","txted0b6cd61","txte825e96e7"]},"txtead825d1d":{"name":"Formater des documents","children":["txte313927e3","txte88fd8bcb","txte3ab65427","txte44f15043","txte5c41b552"]},"txte33f64074":{"name":"Modifier des documents","children":["txte58c1b39e","txte15912956","txte4120841e","txtec0fe94d2","txte5d6611d0","txte52183e41"]}},"birdseed_version":3,"toc":["txte036c41fb","txte66378667","txtead825d1d","txte33f64074","txteff27d864"],"locale":"fr","version":"10.10","enable_tracking":false,"source_schema":"apd-schema","platform":"mac","design":"default","build_date":"2014.06.26-17:18:25","landing":"txted35466","product":"textedit","urls":{},"copyright":"","topics":{"txted1002":{"name":"Utiliser des exposants ou des indices","href":"txted1002.html","unavailable":true},"txte5c41b552":{"name":"Définir l’espacement entre les caractères et les lignes","href":"txte5c41b552.html","unavailable":true},"txte86b1c1b9":{"name":"Vérifier l’orthographe et la grammaire","href":"txte86b1c1b9.html","unavailable":true},"txted35749":{"name":"Ajouter de la couleur","href":"txted35749.html","unavailable":true},"txte52183e41":{"name":"Annoter des images avec la fonction d’annotation","href":"txte52183e41.html","unavailable":true},"txted1044":{"name":"Si vous ne voyez pas le code dans un fichier HTML","href":"txted1044.html","unavailable":true},"txtef5d9dd70":{"name":"Compléter les mots partiellement saisis","href":"txtef5d9dd70.html","unavailable":true},"txted35754":{"name":"Automatiquement espacer correctement le texte collé","href":"txted35754.html","unavailable":true},"txted1065":{"name":"Modifier le mode d’enregistrement des fichiers HTML","href":"txted1065.html","unavailable":true},"txted1028":{"name":"Si des caractères ne sont pas affichés correctement","href":"txted1028.html","unavailable":true},"txte88fd8bcb":{"name":"Insérer des sauts de ligne, de paragraphe et de page","href":"txte88fd8bcb.html","unavailable":true},"txte58c1b39e":{"name":"Changer l’aspect du texte","href":"txte58c1b39e.html","unavailable":true},"txte4120841e":{"name":"Ajouter des tableaux et des listes","href":"txte4120841e.html","unavailable":true},"txted1059":{"name":"Créer des fichiers PDF","href":"txted1059.html","unavailable":true},"txte313927e3":{"name":"Modifier l’alignement des marges et des paragraphes","href":"txte313927e3.html","unavailable":true},"txte71fa0102":{"name":"Enregistrer des documents","href":"txte71fa0102.html","unavailable":true},"txted1018":{"name":"Définir des taquets de tabulation et des retraits de paragraphe","href":"txted1018.html","unavailable":true},"txted35466":{"name":"Aide TextEdit","href":"txted35466.html","categories":["landing"]},"txted35745":{"name":"Ajouter automatiquement des liens cliquables","href":"txted35745.html","unavailable":true},"txte036c41fb":{"name":"Vue d’ensemble de TextEdit","href":"txte036c41fb.html","unavailable":true},"txte3ab65427":{"name":"Modifier l’ajustement du texte","href":"txte3ab65427.html","unavailable":true},"txte51413d09":{"name":"Ouvrir des documents","href":"txte51413d09.html","unavailable":true},"txted1019":{"name":"Si le formatage de texte a disparu","href":"txted1019.html","unavailable":true},"txted0b6cd61":{"name":"Utiliser des documents HTML","href":"txted0b6cd61.html","unavailable":true},"txte825e96e7":{"name":"Écouter des documents","href":"txte825e96e7.html","unavailable":true},"txted35481":{"name":"Utiliser du texte vertical","href":"txted35481.html","unavailable":true},"txted11519":{"name":"Atteindre des emplacements dans les documents","href":"txted11519.html","unavailable":true},"txted35741":{"name":"Afficher les directives RTF dans des fichiers RTF","href":"txted35741.html","unavailable":true},"txted35753":{"name":"Activer la détection de données","href":"txted35753.html","unavailable":true},"txted1057":{"name":"Ajouter des propriétés aux documents","href":"txted1057.html","unavailable":true},"txted1063":{"name":"Définir les préférences de nouveau document, d’ouverture et d’enregistrement","href":"txted1063.html","unavailable":true},"txtec0fe94d2":{"name":"Insérer des caractères spéciaux","href":"txtec0fe94d2.html","unavailable":true},"txted1026":{"name":"Protéger les documents","href":"txted1026.html","unavailable":true},"txte15912956":{"name":"Utiliser des styles","href":"txte15912956.html","unavailable":true},"txtef6cfde1a":{"name":"Rechercher et remplacer du texte","href":"txtef6cfde1a.html","unavailable":true},"txte5d6611d0":{"name":"Ajouter des photos, des séquences vidéo et des fichiers","href":"txte5d6611d0.html","unavailable":true},"txte44f15043":{"name":"Ajouter des en-têtes et des bas de page","href":"txte44f15043.html","unavailable":true},"txtee6663a0e":{"name":"Commencer de nouveaux documents","href":"txtee6663a0e.html","unavailable":true}},"copyright_text":"© 2014 Apple Inc. Tous droits réservés.","css":""}