{"framework":"apd-framework-8.4.6","title":"Справка TextEdit","build_id":"53acb72d680ce25c21a1da51","icon":"..\/GlobalArt\/AppIconDefault_TextEdit.png","sections":{"txteff27d864":{"name":"Использование средств проверки правописания","children":["txte86b1c1b9","txtef6cfde1a","txtef5d9dd70"]},"txte66378667":{"name":"Создание и открытие документов","children":["txtee6663a0e","txte51413d09","txte71fa0102","txted0b6cd61","txte825e96e7"]},"txtead825d1d":{"name":"Форматирование документов","children":["txte313927e3","txte88fd8bcb","txte3ab65427","txte44f15043","txte5c41b552"]},"txte33f64074":{"name":"Редактирование документов","children":["txte58c1b39e","txte15912956","txte4120841e","txtec0fe94d2","txte5d6611d0","txte52183e41"]}},"birdseed_version":3,"toc":["txte036c41fb","txte66378667","txtead825d1d","txte33f64074","txteff27d864"],"locale":"ru","version":"10.10","enable_tracking":false,"source_schema":"apd-schema","platform":"mac","design":"default","build_date":"2014.06.26-17:17:43","landing":"txted35466","product":"textedit","urls":{},"copyright":"","topics":{"txted1002":{"name":"Использование подстрочных и надстрочных символов","href":"txted1002.html","unavailable":true},"txte5c41b552":{"name":"Настройка межсимвольных и межстрочных интервалов","href":"txte5c41b552.html","unavailable":true},"txte86b1c1b9":{"name":"Проверка правописания и грамматики","href":"txte86b1c1b9.html","unavailable":true},"txted35749":{"name":"Изменение цвета","href":"txted35749.html","unavailable":true},"txte52183e41":{"name":"Подписи к изображениям с помощью меню «Разметка»","href":"txte52183e41.html","unavailable":true},"txted1044":{"name":"Если в файле HTML не отображается код","href":"txted1044.html","unavailable":true},"txtef5d9dd70":{"name":"Завершение частично введенных слов","href":"txtef5d9dd70.html","unavailable":true},"txted35754":{"name":"Автоматическая настройка интервалов при вставке текста","href":"txted35754.html","unavailable":true},"txted1065":{"name":"Изменение формата при сохранении файлов HTML","href":"txted1065.html","unavailable":true},"txted1028":{"name":"Если символы отображаются некорректно","href":"txted1028.html","unavailable":true},"txte88fd8bcb":{"name":"Вставка переносов строк, концов абзацев и разрывов страниц","href":"txte88fd8bcb.html","unavailable":true},"txte58c1b39e":{"name":"Изменение внешнего вида текста","href":"txte58c1b39e.html","unavailable":true},"txte4120841e":{"name":"Добавление таблиц и списков","href":"txte4120841e.html","unavailable":true},"txted1059":{"name":"Создание файлов PDF","href":"txted1059.html","unavailable":true},"txte313927e3":{"name":"Настройка полей и абзацев","href":"txte313927e3.html","unavailable":true},"txte71fa0102":{"name":"Сохранение документов","href":"txte71fa0102.html","unavailable":true},"txted1018":{"name":"Настройка позиций табуляции и отступов абзацев","href":"txted1018.html","unavailable":true},"txted35466":{"name":"Справка TextEdit","href":"txted35466.html","categories":["landing"]},"txted35745":{"name":"Автоматическое добавление активных ссылок","href":"txted35745.html","unavailable":true},"txte036c41fb":{"name":"Общие сведения о программе TextEdit","href":"txte036c41fb.html","unavailable":true},"txte3ab65427":{"name":"Изменение способа разбивки текста","href":"txte3ab65427.html","unavailable":true},"txte51413d09":{"name":"Открытие документа","href":"txte51413d09.html","unavailable":true},"txted1019":{"name":"Если форматирование текста пропадает","href":"txted1019.html","unavailable":true},"txted0b6cd61":{"name":"Работа с документами HTML","href":"txted0b6cd61.html","unavailable":true},"txte825e96e7":{"name":"Прослушивание текста документов","href":"txte825e96e7.html","unavailable":true},"txted35481":{"name":"Вертикальное написание текста","href":"txted35481.html","unavailable":true},"txted11519":{"name":"Переход к заданному месту в документе","href":"txted11519.html","unavailable":true},"txted35741":{"name":"Просмотр указателей RTF в файлах RTF","href":"txted35741.html","unavailable":true},"txted35753":{"name":"Включение детекторов данных","href":"txted35753.html","unavailable":true},"txted1057":{"name":"Добавление свойств к документам","href":"txted1057.html","unavailable":true},"txted1063":{"name":"Настройка параметров создания, открытия и сохранения документов","href":"txted1063.html","unavailable":true},"txtec0fe94d2":{"name":"Добавление специальных символов","href":"txtec0fe94d2.html","unavailable":true},"txted1026":{"name":"Защита документов","href":"txted1026.html","unavailable":true},"txte15912956":{"name":"Использование стилей","href":"txte15912956.html","unavailable":true},"txtef6cfde1a":{"name":"Поиск и замена текста","href":"txtef6cfde1a.html","unavailable":true},"txte5d6611d0":{"name":"Добавление фотографий, фильмов и файлов","href":"txte5d6611d0.html","unavailable":true},"txte44f15043":{"name":"Добавление верхних и нижних колонтитулов","href":"txte44f15043.html","unavailable":true},"txtee6663a0e":{"name":"Создание нового документа","href":"txtee6663a0e.html","unavailable":true}},"copyright_text":"© 2014 Apple Inc. Все права защищены.","css":""}