{"framework":"apd-framework-8.4.6","title":"TeXturi-ohje","build_id":"53acb735680ce25c21a1dacf","icon":"..\/GlobalArt\/AppIconDefault_TextEdit.png","sections":{"txteff27d864":{"name":"Kirjoitustyökalujen käyttäminen","children":["txte86b1c1b9","txtef6cfde1a","txtef5d9dd70"]},"txte66378667":{"name":"Dokumenttien luominen ja avaaminen","children":["txtee6663a0e","txte51413d09","txte71fa0102","txted0b6cd61","txte825e96e7"]},"txtead825d1d":{"name":"Dokumenttien muotoileminen","children":["txte313927e3","txte88fd8bcb","txte3ab65427","txte44f15043","txte5c41b552"]},"txte33f64074":{"name":"Dokumenttien muokkaaminen","children":["txte58c1b39e","txte15912956","txte4120841e","txtec0fe94d2","txte5d6611d0","txte52183e41"]}},"birdseed_version":3,"toc":["txte036c41fb","txte66378667","txtead825d1d","txte33f64074","txteff27d864"],"locale":"fi","version":"10.10","enable_tracking":false,"source_schema":"apd-schema","platform":"mac","design":"default","build_date":"2014.06.26-17:19:22","landing":"txted35466","product":"textedit","urls":{},"copyright":"","topics":{"txted1002":{"name":"Ylä- ja alaindeksien käyttäminen","href":"txted1002.html","unavailable":true},"txte5c41b552":{"name":"Merkkien ja rivien välin asettaminen","href":"txte5c41b552.html","unavailable":true},"txte86b1c1b9":{"name":"Oikeinkirjoituksen ja kieliopin tarkistus","href":"txte86b1c1b9.html","unavailable":true},"txted35749":{"name":"Värin lisääminen","href":"txted35749.html","unavailable":true},"txte52183e41":{"name":"Merkintöjen lisääminen kuviin","href":"txte52183e41.html","unavailable":true},"txted1044":{"name":"Jos HTML-tiedoston koodia ei näy","href":"txted1044.html","unavailable":true},"txtef5d9dd70":{"name":"Osittain kirjoitettujen sanojen täydentäminen","href":"txtef5d9dd70.html","unavailable":true},"txted35754":{"name":"Sijoitetun tekstin välien korjaaminen automaattisesti","href":"txted35754.html","unavailable":true},"txted1065":{"name":"HTML-tiedostojen tallentamistavan vaihtaminen","href":"txted1065.html","unavailable":true},"txted1028":{"name":"Jos merkit eivät näy oikein","href":"txted1028.html","unavailable":true},"txte88fd8bcb":{"name":"Rivin-, kappaleen- ja sivunvaihtojen lisääminen","href":"txte88fd8bcb.html","unavailable":true},"txte58c1b39e":{"name":"Tekstin ulkomuodon muuttaminen","href":"txte58c1b39e.html","unavailable":true},"txte4120841e":{"name":"Taulukkojen ja luettelojen lisääminen","href":"txte4120841e.html","unavailable":true},"txted1059":{"name":"PDF-tiedostojen luominen","href":"txted1059.html","unavailable":true},"txte313927e3":{"name":"Marginaalien ja kappaleiden säätäminen","href":"txte313927e3.html","unavailable":true},"txte71fa0102":{"name":"Dokumenttien tallentaminen","href":"txte71fa0102.html","unavailable":true},"txted1018":{"name":"Sarkainten ja kappaleiden sisennysten asettaminen","href":"txted1018.html","unavailable":true},"txted35466":{"name":"TeXturi-ohje","href":"txted35466.html","categories":["landing"]},"txted35745":{"name":"Osoitettavissa olevien linkkien lisääminen automaattisesti","href":"txted35745.html","unavailable":true},"txte036c41fb":{"name":"TeXturin yleiskatsaus","href":"txte036c41fb.html","unavailable":true},"txte3ab65427":{"name":"Tekstin rivitystavan muuttaminen","href":"txte3ab65427.html","unavailable":true},"txte51413d09":{"name":"Dokumenttien avaaminen","href":"txte51413d09.html","unavailable":true},"txted1019":{"name":"Jos tekstin muotoilut katoavat","href":"txted1019.html","unavailable":true},"txted0b6cd61":{"name":"HTML-dokumenttien parissa työskenteleminen","href":"txted0b6cd61.html","unavailable":true},"txte825e96e7":{"name":"Dokumenttien kuunteleminen","href":"txte825e96e7.html","unavailable":true},"txted35481":{"name":"Pystysuuntaisen tekstin käyttäminen","href":"txted35481.html","unavailable":true},"txted11519":{"name":"Paikkoihin hyppääminen dokumenteissa","href":"txted11519.html","unavailable":true},"txted35741":{"name":"RTF-tiedostojen RTF-määritysten näyttäminen","href":"txted35741.html","unavailable":true},"txted35753":{"name":"Tiedontunnistimien laittaminen päälle","href":"txted35753.html","unavailable":true},"txted1057":{"name":"Ominaisuuksien lisääminen dokumentteihin","href":"txted1057.html","unavailable":true},"txted1063":{"name":"Uuden dokumentin, avaamisen ja tallentamisen asetusten tekeminen","href":"txted1063.html","unavailable":true},"txtec0fe94d2":{"name":"Erikoismerkkien lisääminen","href":"txtec0fe94d2.html","unavailable":true},"txted1026":{"name":"Dokumenttien suojaaminen","href":"txted1026.html","unavailable":true},"txte15912956":{"name":"Tyylien käyttäminen","href":"txte15912956.html","unavailable":true},"txtef6cfde1a":{"name":"Tekstin etsiminen ja korvaaminen","href":"txtef6cfde1a.html","unavailable":true},"txte5d6611d0":{"name":"Valokuvien, elokuvien ja tiedostojen lisääminen","href":"txte5d6611d0.html","unavailable":true},"txte44f15043":{"name":"Ylä- ja alaotsakkeiden lisääminen","href":"txte44f15043.html","unavailable":true},"txtee6663a0e":{"name":"Uusien dokumenttien aloittaminen","href":"txtee6663a0e.html","unavailable":true}},"copyright_text":"© 2014 Apple Inc. Kaikki oikeudet pidätetään.","css":""}