{"framework":"apd-framework-8.4.6","title":"Довідка Мініредактора","build_id":"53acb730680ce25c21a1da7e","icon":"..\/GlobalArt\/AppIconDefault_TextEdit.png","sections":{"txteff27d864":{"name":"Використання інструментів введення тексту","children":["txte86b1c1b9","txtef6cfde1a","txtef5d9dd70"]},"txte66378667":{"name":"Створення й відкриття документів","children":["txtee6663a0e","txte51413d09","txte71fa0102","txted0b6cd61","txte825e96e7"]},"txtead825d1d":{"name":"Форматування документів","children":["txte313927e3","txte88fd8bcb","txte3ab65427","txte44f15043","txte5c41b552"]},"txte33f64074":{"name":"Редагування документів","children":["txte58c1b39e","txte15912956","txte4120841e","txtec0fe94d2","txte5d6611d0","txte52183e41"]}},"birdseed_version":3,"toc":["txte036c41fb","txte66378667","txtead825d1d","txte33f64074","txteff27d864"],"locale":"uk","version":"10.10","enable_tracking":false,"source_schema":"apd-schema","platform":"mac","design":"default","build_date":"2014.06.26-17:18:22","landing":"txted35466","product":"textedit","urls":{},"copyright":"","topics":{"txted1002":{"name":"Надрядкові та підрядкові символи","href":"txted1002.html","unavailable":true},"txte5c41b552":{"name":"Настроювання інтервалів між символами і рядками","href":"txte5c41b552.html","unavailable":true},"txte86b1c1b9":{"name":"Перевірка правопису та граматики","href":"txte86b1c1b9.html","unavailable":true},"txted35749":{"name":"Додавання кольору","href":"txted35749.html","unavailable":true},"txte52183e41":{"name":"Створення приміток до зображень за допомогою функції розмітки","href":"txte52183e41.html","unavailable":true},"txted1044":{"name":"Якщо в HTML-файлі не відображається код","href":"txted1044.html","unavailable":true},"txtef5d9dd70":{"name":"Доповнення частково введених слів","href":"txtef5d9dd70.html","unavailable":true},"txted35754":{"name":"Автоматичне додавання пробілів навколо вставленого тексту","href":"txted35754.html","unavailable":true},"txted1065":{"name":"Змінення способу збереження HTML-файлів","href":"txted1065.html","unavailable":true},"txted1028":{"name":"Якщо символи відображаються неправильно","href":"txted1028.html","unavailable":true},"txte88fd8bcb":{"name":"Вставлення розривів рядка, абзацу та сторінки","href":"txte88fd8bcb.html","unavailable":true},"txte58c1b39e":{"name":"Змінення вигляду тексту","href":"txte58c1b39e.html","unavailable":true},"txte4120841e":{"name":"Додавання таблиць і списків","href":"txte4120841e.html","unavailable":true},"txted1059":{"name":"Створення файлів PDF","href":"txted1059.html","unavailable":true},"txte313927e3":{"name":"Коригування полів і абзаців","href":"txte313927e3.html","unavailable":true},"txte71fa0102":{"name":"Збереження документів","href":"txte71fa0102.html","unavailable":true},"txted1018":{"name":"Задання табуляторів і відступів абзаців","href":"txted1018.html","unavailable":true},"txted35466":{"name":"Довідка Мініредактора","href":"txted35466.html","categories":["landing"]},"txted35745":{"name":"Автоматичне додавання інтерактивних посилань","href":"txted35745.html","unavailable":true},"txte036c41fb":{"name":"Огляд Мініредактора","href":"txte036c41fb.html","unavailable":true},"txte3ab65427":{"name":"Змінення параметрів перенесення тексту","href":"txte3ab65427.html","unavailable":true},"txte51413d09":{"name":"Відкривання документів","href":"txte51413d09.html","unavailable":true},"txted1019":{"name":"Якщо форматування тексту зникає","href":"txted1019.html","unavailable":true},"txted0b6cd61":{"name":"Робота з документами HTML","href":"txted0b6cd61.html","unavailable":true},"txte825e96e7":{"name":"Прослуховування документів","href":"txte825e96e7.html","unavailable":true},"txted35481":{"name":"Використання вертикального тексту","href":"txted35481.html","unavailable":true},"txted11519":{"name":"Перехід до певного місця в документі","href":"txted11519.html","unavailable":true},"txted35741":{"name":"Перегляд інструкцій RTF у файлах RTF","href":"txted35741.html","unavailable":true},"txted35753":{"name":"Увімкнення розпізнавання даних","href":"txted35753.html","unavailable":true},"txted1057":{"name":"Додавання реквізитів до документів","href":"txted1057.html","unavailable":true},"txted1063":{"name":"Настроювання параметрів збереження та відкривання нових документів","href":"txted1063.html","unavailable":true},"txtec0fe94d2":{"name":"Вставлення спеціальних символів","href":"txtec0fe94d2.html","unavailable":true},"txted1026":{"name":"Захист документів","href":"txted1026.html","unavailable":true},"txte15912956":{"name":"Використання стилів","href":"txte15912956.html","unavailable":true},"txtef6cfde1a":{"name":"Пошук і замінення тексту","href":"txtef6cfde1a.html","unavailable":true},"txte5d6611d0":{"name":"Додавання фотографій, фільмів і файлів","href":"txte5d6611d0.html","unavailable":true},"txte44f15043":{"name":"Додавання колонтитулів","href":"txte44f15043.html","unavailable":true},"txtee6663a0e":{"name":"Створення нового документа","href":"txtee6663a0e.html","unavailable":true}},"copyright_text":"© Apple Inc., 2014. Всі права захищені.","css":""}