{"framework":"apd-framework-8.4.6","title":"Ajuda do Editor de Texto","build_id":"53acb73a680ce25c21a1db17","icon":"..\/GlobalArt\/AppIconDefault_TextEdit.png","sections":{"txteff27d864":{"name":"Usar ferramentas de escrita","children":["txte86b1c1b9","txtef6cfde1a","txtef5d9dd70"]},"txte66378667":{"name":"Criar e abrir documentos","children":["txtee6663a0e","txte51413d09","txte71fa0102","txted0b6cd61","txte825e96e7"]},"txtead825d1d":{"name":"Formatar documentos","children":["txte313927e3","txte88fd8bcb","txte3ab65427","txte44f15043","txte5c41b552"]},"txte33f64074":{"name":"Editar documentos","children":["txte58c1b39e","txte15912956","txte4120841e","txtec0fe94d2","txte5d6611d0","txte52183e41"]}},"birdseed_version":3,"toc":["txte036c41fb","txte66378667","txtead825d1d","txte33f64074","txteff27d864"],"locale":"pt-pt","version":"10.10","enable_tracking":false,"source_schema":"apd-schema","platform":"mac","design":"default","build_date":"2014.06.26-17:20:19","landing":"txted35466","product":"textedit","urls":{},"copyright":"","topics":{"txted1002":{"name":"Usar expoentes ou índices","href":"txted1002.html","unavailable":true},"txte5c41b552":{"name":"Definir espaçamento de caracteres e linhas","href":"txte5c41b552.html","unavailable":true},"txte86b1c1b9":{"name":"Corrigir a ortografia e a gramática","href":"txte86b1c1b9.html","unavailable":true},"txted35749":{"name":"Adicionar cor","href":"txted35749.html","unavailable":true},"txte52183e41":{"name":"Anotar imagens com a Marcação no Editor de Texto","href":"txte52183e41.html","unavailable":true},"txted1044":{"name":"Se não conseguir visualizar o código num ficheiro HTML","href":"txted1044.html","unavailable":true},"txtef5d9dd70":{"name":"Completar palavras parcialmente digitadas","href":"txtef5d9dd70.html","unavailable":true},"txted35754":{"name":"Espaçar correctamente texto colado automaticamente","href":"txted35754.html","unavailable":true},"txted1065":{"name":"Alterar o modo de guardar ficheiros HTML","href":"txted1065.html","unavailable":true},"txted1028":{"name":"Se os caracteres não forem apresentados correctamente","href":"txted1028.html","unavailable":true},"txte88fd8bcb":{"name":"Inserir quebras de linha, de parágrafo e de página","href":"txte88fd8bcb.html","unavailable":true},"txte58c1b39e":{"name":"Alterar o aspecto do texto","href":"txte58c1b39e.html","unavailable":true},"txte4120841e":{"name":"Adicionar tabelas e listas","href":"txte4120841e.html","unavailable":true},"txted1059":{"name":"Criar ficheiros PDF","href":"txted1059.html","unavailable":true},"txte313927e3":{"name":"Ajustar margens e parágrafos","href":"txte313927e3.html","unavailable":true},"txte71fa0102":{"name":"Guardar documentos","href":"txte71fa0102.html","unavailable":true},"txted1018":{"name":"Definir tabuladores e indentadores de parágrafos","href":"txted1018.html","unavailable":true},"txted35466":{"name":"Ajuda do Editor de Texto","href":"txted35466.html","categories":["landing"]},"txted35745":{"name":"Adicionar hiperligações clicáveis automaticamente","href":"txted35745.html","unavailable":true},"txte036c41fb":{"name":"Visão geral do Editor de Texto","href":"txte036c41fb.html","unavailable":true},"txte3ab65427":{"name":"Alterar o modo de ajustar o texto","href":"txte3ab65427.html","unavailable":true},"txte51413d09":{"name":"Abrir documentos","href":"txte51413d09.html","unavailable":true},"txted1019":{"name":"Se a formatação do texto desaparecer","href":"txted1019.html","unavailable":true},"txted0b6cd61":{"name":"Trabalhar com documentos HTML","href":"txted0b6cd61.html","unavailable":true},"txte825e96e7":{"name":"Ouvir documentos","href":"txte825e96e7.html","unavailable":true},"txted35481":{"name":"Usar texto vertical","href":"txted35481.html","unavailable":true},"txted11519":{"name":"Ir para locais em documentos","href":"txted11519.html","unavailable":true},"txted35741":{"name":"Ver as directrizes de RTF em ficheiros RTF","href":"txted35741.html","unavailable":true},"txted35753":{"name":"Activar detectores de dados","href":"txted35753.html","unavailable":true},"txted1057":{"name":"Adicionar propriedades a documentos","href":"txted1057.html","unavailable":true},"txted1063":{"name":"Definir as preferências de novo documento, abertura e salvaguarda","href":"txted1063.html","unavailable":true},"txtec0fe94d2":{"name":"Inserir caracteres especiais","href":"txtec0fe94d2.html","unavailable":true},"txted1026":{"name":"Proteger os documentos","href":"txted1026.html","unavailable":true},"txte15912956":{"name":"Usar estilos","href":"txte15912956.html","unavailable":true},"txtef6cfde1a":{"name":"Procurar e substituir texto","href":"txtef6cfde1a.html","unavailable":true},"txte5d6611d0":{"name":"Adicionar fotografias, filmes e ficheiros","href":"txte5d6611d0.html","unavailable":true},"txte44f15043":{"name":"Adicionar cabeçalhos e rodapés","href":"txte44f15043.html","unavailable":true},"txtee6663a0e":{"name":"Iniciar documentos novos","href":"txtee6663a0e.html","unavailable":true}},"copyright_text":"© 2014 Apple Inc. Todos os direitos reservados.","css":""}