{"framework":"apd-framework-8.4.6","title":"Ajuda TextEdit","build_id":"53acb738680ce25c21a1daf3","icon":"..\/GlobalArt\/AppIconDefault_TextEdit.png","sections":{"txteff27d864":{"name":"Utilitzar eines d’escriptura","children":["txte86b1c1b9","txtef6cfde1a","txtef5d9dd70"]},"txte66378667":{"name":"Crear i obrir documents","children":["txtee6663a0e","txte51413d09","txte71fa0102","txted0b6cd61","txte825e96e7"]},"txtead825d1d":{"name":"Formatar documents","children":["txte313927e3","txte88fd8bcb","txte3ab65427","txte44f15043","txte5c41b552"]},"txte33f64074":{"name":"Editar documents","children":["txte58c1b39e","txte15912956","txte4120841e","txtec0fe94d2","txte5d6611d0","txte52183e41"]}},"birdseed_version":3,"toc":["txte036c41fb","txte66378667","txtead825d1d","txte33f64074","txteff27d864"],"locale":"ca","version":"10.10","enable_tracking":false,"source_schema":"apd-schema","platform":"mac","design":"default","build_date":"2014.06.26-17:19:51","landing":"txted35466","product":"textedit","urls":{},"copyright":"","topics":{"txted1002":{"name":"Utilitzar superíndexs o subíndexs","href":"txted1002.html","unavailable":true},"txte5c41b552":{"name":"Configurar l'espai entre caràcters i línies","href":"txte5c41b552.html","unavailable":true},"txte86b1c1b9":{"name":"Revisar l’ortografia i la gramàtica","href":"txte86b1c1b9.html","unavailable":true},"txted35749":{"name":"Afegir color","href":"txted35749.html","unavailable":true},"txte52183e41":{"name":"Anotar imatges amb marques","href":"txte52183e41.html","unavailable":true},"txted1044":{"name":"Si no podeu veure el codi en un arxiu HTML","href":"txted1044.html","unavailable":true},"txtef5d9dd70":{"name":"Completar paraules escrites parcialment","href":"txtef5d9dd70.html","unavailable":true},"txted35754":{"name":"Espaiar correctament el text enganxat automàticament","href":"txted35754.html","unavailable":true},"txted1065":{"name":"Canviar la forma de desar els arxius HTML","href":"txted1065.html","unavailable":true},"txted1028":{"name":"Si els caràcters no es mostren correctament","href":"txted1028.html","unavailable":true},"txte88fd8bcb":{"name":"Inserir salts de línia, salts de paràgraf i salts de pàgina","href":"txte88fd8bcb.html","unavailable":true},"txte58c1b39e":{"name":"Canviar l’aspecte del text","href":"txte58c1b39e.html","unavailable":true},"txte4120841e":{"name":"Afegir taules i llistes","href":"txte4120841e.html","unavailable":true},"txted1059":{"name":"Crear arxius PDF","href":"txted1059.html","unavailable":true},"txte313927e3":{"name":"Ajustar els marges i els paràgrafs","href":"txte313927e3.html","unavailable":true},"txte71fa0102":{"name":"Desar documents","href":"txte71fa0102.html","unavailable":true},"txted1018":{"name":"Definir tabuladors i sagnies de paràgraf","href":"txted1018.html","unavailable":true},"txted35466":{"name":"Ajuda TextEdit","href":"txted35466.html","categories":["landing"]},"txted35745":{"name":"Afegir enllaços clicables automàticament","href":"txted35745.html","unavailable":true},"txte036c41fb":{"name":"Visió general del TextEdit","href":"txte036c41fb.html","unavailable":true},"txte3ab65427":{"name":"Canviar com s’ajusta el text","href":"txte3ab65427.html","unavailable":true},"txte51413d09":{"name":"Obrir documents","href":"txte51413d09.html","unavailable":true},"txted1019":{"name":"Si desapareix el format del text","href":"txted1019.html","unavailable":true},"txted0b6cd61":{"name":"Treballar amb documents HTML","href":"txted0b6cd61.html","unavailable":true},"txte825e96e7":{"name":"Escoltar documents","href":"txte825e96e7.html","unavailable":true},"txted35481":{"name":"Utilitzar text vertical","href":"txted35481.html","unavailable":true},"txted11519":{"name":"Saltar a ubicacions en documents","href":"txted11519.html","unavailable":true},"txted35741":{"name":"Veure les directives RTF d’arxius RTF","href":"txted35741.html","unavailable":true},"txted35753":{"name":"Activar detectors de dades","href":"txted35753.html","unavailable":true},"txted1057":{"name":"Afegir propietats a documents","href":"txted1057.html","unavailable":true},"txted1063":{"name":"Definir les preferències de documents nous, d’obrir i de desar de TextEdit","href":"txted1063.html","unavailable":true},"txtec0fe94d2":{"name":"Inserir caràcters especials","href":"txtec0fe94d2.html","unavailable":true},"txted1026":{"name":"Protegir documents","href":"txted1026.html","unavailable":true},"txte15912956":{"name":"Utilitzar estils","href":"txte15912956.html","unavailable":true},"txtef6cfde1a":{"name":"Buscar i substituir text","href":"txtef6cfde1a.html","unavailable":true},"txte5d6611d0":{"name":"Afegir fotos, pel·lícules i arxius","href":"txte5d6611d0.html","unavailable":true},"txte44f15043":{"name":"Afegir capçaleres i peus de pàgina","href":"txte44f15043.html","unavailable":true},"txtee6663a0e":{"name":"Iniciar documents nous","href":"txtee6663a0e.html","unavailable":true}},"copyright_text":"© 2014 Apple Inc. Tots els drets reservats.","css":""}