{"framework":"apd-framework-8.4.6","title":"A Szövegszerkesztő súgója","build_id":"53acb72e680ce25c21a1da63","icon":"..\/GlobalArt\/AppIconDefault_TextEdit.png","sections":{"txteff27d864":{"name":"Íróeszközök használata","children":["txte86b1c1b9","txtef6cfde1a","txtef5d9dd70"]},"txte66378667":{"name":"Dokumentumok létrehozása és megnyitása","children":["txtee6663a0e","txte51413d09","txte71fa0102","txted0b6cd61","txte825e96e7"]},"txtead825d1d":{"name":"Dokumentumok formázása","children":["txte313927e3","txte88fd8bcb","txte3ab65427","txte44f15043","txte5c41b552"]},"txte33f64074":{"name":"Dokumentumok szerkesztése","children":["txte58c1b39e","txte15912956","txte4120841e","txtec0fe94d2","txte5d6611d0","txte52183e41"]}},"birdseed_version":3,"toc":["txte036c41fb","txte66378667","txtead825d1d","txte33f64074","txteff27d864"],"locale":"hu","version":"10.10","enable_tracking":false,"source_schema":"apd-schema","platform":"mac","design":"default","build_date":"2014.06.26-17:17:59","landing":"txted35466","product":"textedit","urls":{},"copyright":"","topics":{"txted1002":{"name":"Alsó és felső indexek kezelése","href":"txted1002.html","unavailable":true},"txte5c41b552":{"name":"Karakterközök és sorközök beállítása","href":"txte5c41b552.html","unavailable":true},"txte86b1c1b9":{"name":"A helyesírás és nyelvtan ellenőrzése","href":"txte86b1c1b9.html","unavailable":true},"txted35749":{"name":"Szín hozzáadása","href":"txted35749.html","unavailable":true},"txte52183e41":{"name":"Korrektúra használata képeken","href":"txte52183e41.html","unavailable":true},"txted1044":{"name":"Ha a HTML-fájlban lévő kódok nem jeleníthetők meg","href":"txted1044.html","unavailable":true},"txtef5d9dd70":{"name":"Részben beírt szavak kiegészítése","href":"txtef5d9dd70.html","unavailable":true},"txted35754":{"name":"A térközök automatikus megtartása szöveg beillesztésekor","href":"txted35754.html","unavailable":true},"txted1065":{"name":"HTML-fájlok mentési módjának módosítása","href":"txted1065.html","unavailable":true},"txted1028":{"name":"Ha a karakterek nem jelennek meg helyesen","href":"txted1028.html","unavailable":true},"txte88fd8bcb":{"name":"Sor-, bekezdés- és oldaltörések beszúrása","href":"txte88fd8bcb.html","unavailable":true},"txte58c1b39e":{"name":"A szövegek megjelenésének módosítása","href":"txte58c1b39e.html","unavailable":true},"txte4120841e":{"name":"Táblázatok és listák hozzáadása","href":"txte4120841e.html","unavailable":true},"txted1059":{"name":"PDF-fájlok létrehozása","href":"txted1059.html","unavailable":true},"txte313927e3":{"name":"Margók és bekezdések beállítása","href":"txte313927e3.html","unavailable":true},"txte71fa0102":{"name":"Dokumentumok mentése","href":"txte71fa0102.html","unavailable":true},"txted1018":{"name":"Tabulátorhelyek és bekezdések behúzási pozíciója","href":"txted1018.html","unavailable":true},"txted35466":{"name":"A Szövegszerkesztő súgója","href":"txted35466.html","categories":["landing"]},"txted35745":{"name":"Kattintható linkek automatikus hozzáadása","href":"txted35745.html","unavailable":true},"txte036c41fb":{"name":"A Szövegszerkesztő áttekintése","href":"txte036c41fb.html","unavailable":true},"txte3ab65427":{"name":"Szöveg tördelésének módosítása","href":"txte3ab65427.html","unavailable":true},"txte51413d09":{"name":"Dokumentumok megnyitása","href":"txte51413d09.html","unavailable":true},"txted1019":{"name":"Ha eltűnik a szöveg formázása","href":"txted1019.html","unavailable":true},"txted0b6cd61":{"name":"HTML-dokumentumokkal való munka","href":"txted0b6cd61.html","unavailable":true},"txte825e96e7":{"name":"Dokumentumok meghallgatása","href":"txte825e96e7.html","unavailable":true},"txted35481":{"name":"Függőleges szöveg használata","href":"txted35481.html","unavailable":true},"txted11519":{"name":"Ugrás a dokumentum adott helyére","href":"txted11519.html","unavailable":true},"txted35741":{"name":"RTF-parancsok megjelenítése az RTF-fájlokban","href":"txted35741.html","unavailable":true},"txted35753":{"name":"Adatdetektorok bekapcsolása","href":"txted35753.html","unavailable":true},"txted1057":{"name":"Tulajdonságok hozzáadása dokumentumokhoz","href":"txted1057.html","unavailable":true},"txted1063":{"name":"Az új dokumentum, a megnyitás és a mentés tulajdonságainak beállítása","href":"txted1063.html","unavailable":true},"txtec0fe94d2":{"name":"Speciális karakterek beszúrása","href":"txtec0fe94d2.html","unavailable":true},"txted1026":{"name":"Dokumentumok védelme","href":"txted1026.html","unavailable":true},"txte15912956":{"name":"Stílusok használata","href":"txte15912956.html","unavailable":true},"txtef6cfde1a":{"name":"Szöveg keresése és cseréje","href":"txtef6cfde1a.html","unavailable":true},"txte5d6611d0":{"name":"Fotók, filmek és fájlok hozzáadása","href":"txte5d6611d0.html","unavailable":true},"txte44f15043":{"name":"Fej- és láblécek hozzáadása","href":"txte44f15043.html","unavailable":true},"txtee6663a0e":{"name":"Új dokumentumok létrehozása","href":"txtee6663a0e.html","unavailable":true}},"copyright_text":"© 2014 Apple Inc. Minden jog fenntartva.","css":""}