{"framework":"apd-framework-8.4.6","title":"Bantuan TextEdit","build_id":"53acb72f680ce25c21a1da6c","icon":"..\/GlobalArt\/AppIconDefault_TextEdit.png","sections":{"txteff27d864":{"name":"Gunakan alatan menulis","children":["txte86b1c1b9","txtef6cfde1a","txtef5d9dd70"]},"txte66378667":{"name":"Cipta dan buka dokumen","children":["txtee6663a0e","txte51413d09","txte71fa0102","txted0b6cd61","txte825e96e7"]},"txtead825d1d":{"name":"Format dokumen","children":["txte313927e3","txte88fd8bcb","txte3ab65427","txte44f15043","txte5c41b552"]},"txte33f64074":{"name":"Edit dokumen","children":["txte58c1b39e","txte15912956","txte4120841e","txtec0fe94d2","txte5d6611d0","txte52183e41"]}},"birdseed_version":3,"toc":["txte036c41fb","txte66378667","txtead825d1d","txte33f64074","txteff27d864"],"locale":"ms","version":"10.10","enable_tracking":false,"source_schema":"apd-schema","platform":"mac","design":"default","build_date":"2014.06.26-17:18:08","landing":"txted35466","product":"textedit","urls":{},"copyright":"","topics":{"txted1002":{"name":"Guna superskrip atau subskrip","href":"txted1002.html","unavailable":true},"txte5c41b552":{"name":"Tetapkan jarak aksara dan baris","href":"txte5c41b552.html","unavailable":true},"txte86b1c1b9":{"name":"Semak ejaan dan tatabahasa","href":"txte86b1c1b9.html","unavailable":true},"txted35749":{"name":"Tambah warna","href":"txted35749.html","unavailable":true},"txte52183e41":{"name":"Anotasi imej dengan Penanda","href":"txte52183e41.html","unavailable":true},"txted1044":{"name":"Jika anda tidak dapat melihat kod dalam fail HTML","href":"txted1044.html","unavailable":true},"txtef5d9dd70":{"name":"Lengkapkan perkataan yang dimasukkan separa","href":"txtef5d9dd70.html","unavailable":true},"txted35754":{"name":"Menjarakkan dengan betul teks yang ditampal secara automatik","href":"txted35754.html","unavailable":true},"txted1065":{"name":"Ubah cara fail HTML disimpan","href":"txted1065.html","unavailable":true},"txted1028":{"name":"Jika aksara tidak dipaparkan dengan betul","href":"txted1028.html","unavailable":true},"txte88fd8bcb":{"name":"Masukkan baris, perenggan dan pemisah halaman","href":"txte88fd8bcb.html","unavailable":true},"txte58c1b39e":{"name":"Ubah penampilan teks","href":"txte58c1b39e.html","unavailable":true},"txte4120841e":{"name":"Tambah jadual dan senarai","href":"txte4120841e.html","unavailable":true},"txted1059":{"name":"Cipta fail PDF","href":"txted1059.html","unavailable":true},"txte313927e3":{"name":"Laraskan jidar dan perenggan","href":"txte313927e3.html","unavailable":true},"txte71fa0102":{"name":"Simpan dokumen","href":"txte71fa0102.html","unavailable":true},"txted1018":{"name":"Tetapkan hentian tab dan inden perenggan","href":"txted1018.html","unavailable":true},"txted35466":{"name":"Bantuan TextEdit","href":"txted35466.html","categories":["landing"]},"txted35745":{"name":"Tambah pautan yang boleh diklik secara automatik","href":"txted35745.html","unavailable":true},"txte036c41fb":{"name":"Gambaran keseluruhan TextEdit","href":"txte036c41fb.html","unavailable":true},"txte3ab65427":{"name":"Ubah cara teks membalut","href":"txte3ab65427.html","unavailable":true},"txte51413d09":{"name":"Buka dokumen","href":"txte51413d09.html","unavailable":true},"txted1019":{"name":"Jika pemformatan teks hilang","href":"txted1019.html","unavailable":true},"txted0b6cd61":{"name":"Bekerja dengan dokumen HTML","href":"txted0b6cd61.html","unavailable":true},"txte825e96e7":{"name":"Dengar dokumen","href":"txte825e96e7.html","unavailable":true},"txted35481":{"name":"Gunakan teks menegak","href":"txted35481.html","unavailable":true},"txted11519":{"name":"Lompat ke lokasi dalam dokumen","href":"txted11519.html","unavailable":true},"txted35741":{"name":"Lihat arahan RTF dalam fail RTF","href":"txted35741.html","unavailable":true},"txted35753":{"name":"Aktifkan pengesan data","href":"txted35753.html","unavailable":true},"txted1057":{"name":"Tambah properti ke dokumen","href":"txted1057.html","unavailable":true},"txted1063":{"name":"Tetapkan dokumen baru, buka dan simpan keutamaan","href":"txted1063.html","unavailable":true},"txtec0fe94d2":{"name":"Masukkan aksara khas","href":"txtec0fe94d2.html","unavailable":true},"txted1026":{"name":"Lindungi dokumen","href":"txted1026.html","unavailable":true},"txte15912956":{"name":"Gunakan gaya","href":"txte15912956.html","unavailable":true},"txtef6cfde1a":{"name":"Cari dan ganti teks","href":"txtef6cfde1a.html","unavailable":true},"txte5d6611d0":{"name":"Tambah foto, filem, dan fail","href":"txte5d6611d0.html","unavailable":true},"txte44f15043":{"name":"Tambah pengepala dan pengaki","href":"txte44f15043.html","unavailable":true},"txtee6663a0e":{"name":"Mulakan dokumen baru","href":"txtee6663a0e.html","unavailable":true}},"copyright_text":"© 2014 Apple Inc. Hak cipta terpelihara.","css":""}