{"framework":"apd-framework-8.4.6","title":"Pomoć za TextEdit","build_id":"53acb736680ce25c21a1dae1","icon":"..\/GlobalArt\/AppIconDefault_TextEdit.png","sections":{"txteff27d864":{"name":"Korištenje alata za pisanje","children":["txte86b1c1b9","txtef6cfde1a","txtef5d9dd70"]},"txte66378667":{"name":"Izrada i otvaranje dokumenata","children":["txtee6663a0e","txte51413d09","txte71fa0102","txted0b6cd61","txte825e96e7"]},"txtead825d1d":{"name":"Formatiranje dokumenata","children":["txte313927e3","txte88fd8bcb","txte3ab65427","txte44f15043","txte5c41b552"]},"txte33f64074":{"name":"Uređivanje dokumenata","children":["txte58c1b39e","txte15912956","txte4120841e","txtec0fe94d2","txte5d6611d0","txte52183e41"]}},"birdseed_version":3,"toc":["txte036c41fb","txte66378667","txtead825d1d","txte33f64074","txteff27d864"],"locale":"hr","version":"10.10","enable_tracking":false,"source_schema":"apd-schema","platform":"mac","design":"default","build_date":"2014.06.26-17:19:36","landing":"txted35466","product":"textedit","urls":{},"copyright":"","topics":{"txted1002":{"name":"Korištenje eksponenta ili indeksa","href":"txted1002.html","unavailable":true},"txte5c41b552":{"name":"Podešavanje razmaka među znakovima i proreda","href":"txte5c41b552.html","unavailable":true},"txte86b1c1b9":{"name":"Provjera pravopisa i gramatike","href":"txte86b1c1b9.html","unavailable":true},"txted35749":{"name":"Dodavanje boje","href":"txted35749.html","unavailable":true},"txte52183e41":{"name":"Dodavanje komentara slikama putem opcije Markup","href":"txte52183e41.html","unavailable":true},"txted1044":{"name":"Ako se kôd u HTML datoteci ne može pregledati","href":"txted1044.html","unavailable":true},"txtef5d9dd70":{"name":"Dovršavanje djelomično unesenih riječi","href":"txtef5d9dd70.html","unavailable":true},"txted35754":{"name":"Automatski pravilan razmak zalijepljenog teksta","href":"txted35754.html","unavailable":true},"txted1065":{"name":"Promjena načina spremanja HTML datoteka","href":"txted1065.html","unavailable":true},"txted1028":{"name":"Ako znakovi nisu ispravno prikazani","href":"txted1028.html","unavailable":true},"txte88fd8bcb":{"name":"Umetanje prijeloma retka, paragrafa i stranice","href":"txte88fd8bcb.html","unavailable":true},"txte58c1b39e":{"name":"Promjena izgleda teksta","href":"txte58c1b39e.html","unavailable":true},"txte4120841e":{"name":"Dodavanje tablica i popisa","href":"txte4120841e.html","unavailable":true},"txted1059":{"name":"Izrada PDF datoteka","href":"txted1059.html","unavailable":true},"txte313927e3":{"name":"Podešavanje margina i paragrafa","href":"txte313927e3.html","unavailable":true},"txte71fa0102":{"name":"Spremanje dokumenata","href":"txte71fa0102.html","unavailable":true},"txted1018":{"name":"Podešavanje pomaka tabulatora i uvlaka odlomaka","href":"txted1018.html","unavailable":true},"txted35466":{"name":"Pomoć za TextEdit","href":"txted35466.html","categories":["landing"]},"txted35745":{"name":"Automatsko dodavanje linkova koji se mogu klikati","href":"txted35745.html","unavailable":true},"txte036c41fb":{"name":"Pregled TextEdita","href":"txte036c41fb.html","unavailable":true},"txte3ab65427":{"name":"Promjena načina omotavanja teksta","href":"txte3ab65427.html","unavailable":true},"txte51413d09":{"name":"Otvaranje dokumenata","href":"txte51413d09.html","unavailable":true},"txted1019":{"name":"Ako oblikovanje teksta nestane","href":"txted1019.html","unavailable":true},"txted0b6cd61":{"name":"Rad s HTML dokumentima","href":"txted0b6cd61.html","unavailable":true},"txte825e96e7":{"name":"Slušanje dokumenata","href":"txte825e96e7.html","unavailable":true},"txted35481":{"name":"Korištenje okomitog teksta","href":"txted35481.html","unavailable":true},"txted11519":{"name":"Prelazak na lokacije u dokumentima","href":"txted11519.html","unavailable":true},"txted35741":{"name":"Pregled RTF direktiva u RTF datotekama","href":"txted35741.html","unavailable":true},"txted35753":{"name":"Uključenje detektora podataka","href":"txted35753.html","unavailable":true},"txted1057":{"name":"Dodavanje svojstava dokumentima","href":"txted1057.html","unavailable":true},"txted1063":{"name":"Podešavanje postavki za novi dokument, otvaranje i spremanje","href":"txted1063.html","unavailable":true},"txtec0fe94d2":{"name":"Umetanje posebnih znakova","href":"txtec0fe94d2.html","unavailable":true},"txted1026":{"name":"Zaštita dokumenata","href":"txted1026.html","unavailable":true},"txte15912956":{"name":"Korištenje stilova","href":"txte15912956.html","unavailable":true},"txtef6cfde1a":{"name":"Pronalaženje i zamjena teksta","href":"txtef6cfde1a.html","unavailable":true},"txte5d6611d0":{"name":"Dodavanje fotografija, videozapisa i datoteka","href":"txte5d6611d0.html","unavailable":true},"txte44f15043":{"name":"Dodavanje zaglavlja i podnožja","href":"txte44f15043.html","unavailable":true},"txtee6663a0e":{"name":"Izrada novih dokumenata","href":"txtee6663a0e.html","unavailable":true}},"copyright_text":"© 2014 Apple Inc. Sva prava pridržana.","css":""}