{"framework":"apd-framework-8.4.6","title":"مساعدة TextEdit","build_id":"53acb732680ce25c21a1daa2","icon":"..\/GlobalArt\/AppIconDefault_TextEdit.png","sections":{"txteff27d864":{"name":"استخدام أدوات الكتابة","children":["txte86b1c1b9","txtef6cfde1a","txtef5d9dd70"]},"txte66378667":{"name":"إنشاء مستندات وفتحها","children":["txtee6663a0e","txte51413d09","txte71fa0102","txted0b6cd61","txte825e96e7"]},"txtead825d1d":{"name":"تنسيق المستندات","children":["txte313927e3","txte88fd8bcb","txte3ab65427","txte44f15043","txte5c41b552"]},"txte33f64074":{"name":"تحرير المستندات","children":["txte58c1b39e","txte15912956","txte4120841e","txtec0fe94d2","txte5d6611d0","txte52183e41"]}},"birdseed_version":3,"toc":["txte036c41fb","txte66378667","txtead825d1d","txte33f64074","txteff27d864"],"locale":"ar","version":"10.10","enable_tracking":false,"source_schema":"apd-schema","platform":"mac","design":"default","build_date":"2014.06.26-17:18:49","landing":"txted35466","product":"textedit","urls":{},"copyright":"","topics":{"txted1002":{"name":"استخدام الخطوط المرتفعة أو المنخفضة","href":"txted1002.html","unavailable":true},"txte5c41b552":{"name":"تعيين تباعد الأحرف والأسطر","href":"txte5c41b552.html","unavailable":true},"txte86b1c1b9":{"name":"التدقيق الإملائي والنحوي","href":"txte86b1c1b9.html","unavailable":true},"txted35749":{"name":"إضافة لون","href":"txted35749.html","unavailable":true},"txte52183e41":{"name":"وضع تعليقات توضيحية للصور باستخدام ميزة التوصيف","href":"txte52183e41.html","unavailable":true},"txted1044":{"name":"إذا لم تتمكن من عرض كود في ملف HTML","href":"txted1044.html","unavailable":true},"txtef5d9dd70":{"name":"إكمال الكلمات التي تم إدخالها جزئيًا","href":"txtef5d9dd70.html","unavailable":true},"txted35754":{"name":"مباعدة النص الملصق تلقائيًا بشكل صحيح","href":"txted35754.html","unavailable":true},"txted1065":{"name":"تغيير طريقة حفظ ملفات HTML","href":"txted1065.html","unavailable":true},"txted1028":{"name":"إذا لم يتم عرض الأحرف بشكل صحيح","href":"txted1028.html","unavailable":true},"txte88fd8bcb":{"name":"إدراج فواصل أسطر وفواصل فقرات وفواصل صفحات","href":"txte88fd8bcb.html","unavailable":true},"txte58c1b39e":{"name":"تغيير مظهر النص","href":"txte58c1b39e.html","unavailable":true},"txte4120841e":{"name":"إضافة جداول وقوائم","href":"txte4120841e.html","unavailable":true},"txted1059":{"name":"إنشاء ملفات PDF","href":"txted1059.html","unavailable":true},"txte313927e3":{"name":"ضبط الهوامش والفقرات","href":"txte313927e3.html","unavailable":true},"txte71fa0102":{"name":"حفظ المستندات","href":"txte71fa0102.html","unavailable":true},"txted1018":{"name":"تعيين إيقافات علامة جدولة ومسافات بادئة للفقرات","href":"txted1018.html","unavailable":true},"txted35466":{"name":"مساعدة TextEdit","href":"txted35466.html","categories":["landing"]},"txted35745":{"name":"إضافة روابط قابلة للنقر تلقائيًا","href":"txted35745.html","unavailable":true},"txte036c41fb":{"name":"عرض عام لـ TextEdit","href":"txte036c41fb.html","unavailable":true},"txte3ab65427":{"name":"تغيير طريقة التفاف النص","href":"txte3ab65427.html","unavailable":true},"txte51413d09":{"name":"فتح المستندات","href":"txte51413d09.html","unavailable":true},"txted1019":{"name":"في حالة اختفاء تنسيق النص","href":"txted1019.html","unavailable":true},"txted0b6cd61":{"name":"العمل مع مستندات HTML","href":"txted0b6cd61.html","unavailable":true},"txte825e96e7":{"name":"الاستماع إلى المستندات","href":"txte825e96e7.html","unavailable":true},"txted35481":{"name":"استخدام نص عمودي","href":"txted35481.html","unavailable":true},"txted11519":{"name":"انتقال إلى مواضع في المستندات","href":"txted11519.html","unavailable":true},"txted35741":{"name":"عرض توجيهات RTF في ملفات RTF","href":"txted35741.html","unavailable":true},"txted35753":{"name":"تشغيل كشف البيانات","href":"txted35753.html","unavailable":true},"txted1057":{"name":"إضافة خصائص إلى المستندات","href":"txted1057.html","unavailable":true},"txted1063":{"name":"تعيين تفضيلات فتح وحفظ مستند جديد","href":"txted1063.html","unavailable":true},"txtec0fe94d2":{"name":"إدراج أحرف خاصة","href":"txtec0fe94d2.html","unavailable":true},"txted1026":{"name":"حماية المستندات","href":"txted1026.html","unavailable":true},"txte15912956":{"name":"استخدام الأنماط","href":"txte15912956.html","unavailable":true},"txtef6cfde1a":{"name":"البحث عن نص واستبداله","href":"txtef6cfde1a.html","unavailable":true},"txte5d6611d0":{"name":"إضافة صور، أفلام وملفات","href":"txte5d6611d0.html","unavailable":true},"txte44f15043":{"name":"إضافة الرؤوس والتذييلات","href":"txte44f15043.html","unavailable":true},"txtee6663a0e":{"name":"بدء مستندات جديدة","href":"txtee6663a0e.html","unavailable":true}},"copyright_text":"‎© 2014 Apple Inc.‎‏ كافة الحقوق محفوظة.‏","css":""}